SMILES,Warheads,Linker,NLL
Nc1nc(NCc2ccc(-c3cncc(O)c3)cc2)c2cnc3c(ncn3CCCc3ccoc3)c2n1,c1c(*)cncc1O|o1ccc(*)c1,C(c1ccc([*])cc1)Nc1c2c(nc(N)n1)c1c(nc2)n(CCC[*])cn1,27.421857833862305
CC1C(c2cncc(O)c2)CCN(C(C)c2ccc(-c3ccoc3)cc2)C1N(C)C,c1c(*)cncc1O|o1ccc(*)c1,C1([*])CCN(C(c2ccc([*])cc2)C)C(N(C)C)C1C,24.050207138061523
O=C(NC(Cc1cccc(-c2ccoc2)c1)C(=O)O)C1CCCN(c2cncc(O)c2)C1,c1c(*)cncc1O|o1ccc(*)c1,C(NC(=O)C1CN([*])CCC1)(Cc1cccc([*])c1)C(O)=O,18.401809692382812
O=C(NC(CC(O)CN1CCC(CCc2ccoc2)CC1)c1nc(-c2cncc(O)c2)cs1)c1cc(F)cc(F)c1,c1c(*)cncc1O|o1ccc(*)c1,c1c([*])nc(C(CC(CN2CCC(CC[*])CC2)O)NC(=O)c2cc(F)cc(F)c2)s1,33.96928787231445
CC(=O)c1nc(-c2ccoc2)c(C(N)=O)c2[nH]c3cnc(-c4cncc(O)c4)cc3c12,c1c(*)cncc1O|o1ccc(*)c1,c1(C(C)=O)c2c3cc([*])ncc3[nH]c2c(C(=O)N)c([*])n1,25.161603927612305
O=C(NCCc1cncc(O)c1)c1ccc(CN2CCC(c3ccoc3)C(O)C2)cc1,c1c(*)cncc1O|o1ccc(*)c1,[*]CCNC(=O)c1ccc(CN2CCC([*])C(O)C2)cc1,21.31279754638672
Cn1c(=O)n(Cc2cncc(O)c2)c(=O)c2c1nc1n2CCN(CC(=O)c2ccoc2)S1,c1c(*)cncc1O|o1ccc(*)c1,O=C(CN1CCn2c(nc3n(C)c(=O)n(C[*])c(=O)c23)S1)[*],23.61335563659668
CC1CN(c2cncc(O)c2)CCN1Cc1cn(Cc2ccoc2)nn1,c1c(*)cncc1O|o1ccc(*)c1,c1c(CN2C(C)CN([*])CC2)nnn1C[*],15.751986503601074
CC(Cc1ccoc1)N1CC(CC#N)(n2cc(C(N)=O)c(Nc3cncc(O)c3)n2)C1,c1c(*)cncc1O|o1ccc(*)c1,C1(CC#N)(n2cc(C(N)=O)c(N[*])n2)CN(C(C)C[*])C1,21.516807556152344
O=C(NCCc1cncc(O)c1)N1C(Cn2cc3nc(-c4ccoc4)nc-3c(Cl)n2)CC2CCC21,c1c(*)cncc1O|o1ccc(*)c1,[*]CCNC(N1C(Cn2nc(Cl)c3nc([*])nc-3c2)CC2C1CC2)=O,35.50154113769531
O=C(Nc1ccc(CCc2ccoc2)cc1)C1C2CCCCC2CN1CCCc1cncc(O)c1,c1c(*)cncc1O|o1ccc(*)c1,C(CC[*])N1CC2C(CCCC2)C1C(Nc1ccc(CC[*])cc1)=O,18.085535049438477
Nc1cn2c(SCCCN3CC4CN(c5cncc(O)c5)CC4C3)c3ccc(-c4ccoc4)cc3nc2n1,c1c(*)cncc1O|o1ccc(*)c1,C(N1CC2C(CN([*])C2)C1)CCSc1n2c(nc3cc([*])ccc31)nc(N)c2,27.695749282836914
CCCOC1C(=O)N2C(CCC2c2ccoc2)C(=O)N1C1CC1c1cncc(O)c1,c1c(*)cncc1O|o1ccc(*)c1,C(C)COC1C(=O)N2C(C(=O)N1C1CC1[*])CCC2[*],32.25551223754883
CC(Cc1cncc(O)c1)C(=O)NC1(CCN2C3CCC2CC(c2ccoc2)C3)CCCCC1,c1c(*)cncc1O|o1ccc(*)c1,N(C(=O)C(C)C[*])C1(CCN2C3CC([*])CC2CC3)CCCCC1,21.13967514038086
Nc1nc2c(cnn2C2CCN(c3cncc(O)c3)CC2)c2nc(-c3ccoc3)nn12,c1c(*)cncc1O|o1ccc(*)c1,N1([*])CCC(n2ncc3c4nc([*])nn4c(N)nc23)CC1,13.46453857421875
O=C(NCC1CCN(c2cncc(O)c2)CC1)c1nc2ccccc2n1Cc1ccoc1,c1c(*)cncc1O|o1ccc(*)c1,C(NCC1CCN([*])CC1)(c1n(C[*])c2c(cccc2)n1)=O,11.87794303894043
Oc1cncc(C23CCCOC2CCN(CCCc2ccoc2)C3)c1,c1c(*)cncc1O|o1ccc(*)c1,C12C([*])(CCCO1)CN(CCC[*])CC2,17.955305099487305
CN(C(=O)Cc1ccc(-c2cncc(O)c2)cc1)C(=O)C1CCC(=O)N1c1ccc(-c2ccoc2)cc1,c1c(*)cncc1O|o1ccc(*)c1,c1cc([*])ccc1CC(N(C)C(=O)C1N(c2ccc([*])cc2)C(=O)CC1)=O,25.887908935546875
Oc1cncc(-c2cncc(CNCCCN3CCN(c4ccoc4)CC3)n2)c1,c1c(*)cncc1O|o1ccc(*)c1,C(CCNCc1cncc([*])n1)N1CCN([*])CC1,16.62003517150879
CC(C)(C)c1cc(-c2c[nH]c3ccc(-c4ccoc4)nc23)nn1Cc1cncc(O)c1,c1c(*)cncc1O|o1ccc(*)c1,c1(-c2nn(C[*])c(C(C)(C)C)c2)c2c([nH]c1)ccc([*])n2,20.417728424072266
O=C(CCc1ccoc1)N1CCc2c(cncc2-c2cncc(O)c2)C1,c1c(*)cncc1O|o1ccc(*)c1,[*]c1cncc2c1CCN(C(=O)CC[*])C2,15.599223136901855
Oc1cncc(-c2noc(-c3ccc(-c4ccoc4)cc3)n2)c1,c1c(*)cncc1O|o1ccc(*)c1,c1c(-c2nc([*])no2)ccc([*])c1,9.333131790161133
CC12CCC(c3cncc(O)c3)(CC1)N(Cc1ccc(-c3ccoc3)cc1)C2,c1c(*)cncc1O|o1ccc(*)c1,C1CC2([*])CCC1(C)CN2Cc1ccc([*])cc1,22.391830444335938
O=C(Cc1cc2cc(Br)ccc2cc1SCC(=O)Nc1ccc(-c2ccoc2)cc1)NCCCN1CCN(c2cncc(O)c2)CC1,c1c(*)cncc1O|o1ccc(*)c1,c12c(cc(CC(=O)NCCCN3CCN([*])CC3)c(SCC(=O)Nc3ccc([*])cc3)c1)cc(Br)cc2,41.59621047973633
O=C(C1C(C(=O)N2CC3CC2CN(c2cncc(O)c2)C3)CC(c2cnccn2)N1Cc1ccc(-c2ccoc2)cc1)N1CCCC1,c1c(*)cncc1O|o1ccc(*)c1,C1(C(=O)N2CC3CN([*])CC2C3)CC(c2nccnc2)N(Cc2ccc([*])cc2)C1C(=O)N1CCCC1,41.33018493652344
Oc1cncc(CC2CCC3(CCN(CCc4ccoc4)C3)CN2)c1,c1c(*)cncc1O|o1ccc(*)c1,C1CC2(CNC1C[*])CCN(CC[*])C2,17.289464950561523
O=C(NCCCc1cncc(O)c1)c1cccc2c1C(=O)c1ccc(-c3ccoc3)cc1S2(=O)=O,c1c(*)cncc1O|o1ccc(*)c1,[*]CCCNC(c1cccc2c1C(=O)c1ccc([*])cc1S2(=O)=O)=O,17.707456588745117
O=C(CCc1ccoc1)NC1CC2CN(C(=O)Cc3cncc(O)c3)CC21,c1c(*)cncc1O|o1ccc(*)c1,N(C1C2C(CN(C(C[*])=O)C2)C1)C(CC[*])=O,18.969955444335938
O=C(NCCCC(=O)N1CCC(c2cncc(O)c2)CC1)Nc1cc(C2CC2)c2cc(-c3ccoc3)ccc2n1,c1c(*)cncc1O|o1ccc(*)c1,c1c(NC(=O)NCCCC(N2CCC([*])CC2)=O)nc2ccc([*])cc2c1C1CC1,26.492321014404297
Oc1cncc(N2CCC(Nc3cc(O)nc4cc(-c5ccoc5)nn34)CC2)c1,c1c(*)cncc1O|o1ccc(*)c1,c1(NC2CCN([*])CC2)n2nc([*])cc2nc(O)c1,15.394067764282227
Cn1nc2c(c1CCCc1cncc(O)c1)OC(c1cccc(-c3ccoc3)c1)CC2,c1c(*)cncc1O|o1ccc(*)c1,C(C[*])Cc1n(C)nc2c1OC(c1cc([*])ccc1)CC2,24.839365005493164
O=C(Cc1cncc(O)c1)NCC1CCC2(CCN(CCc3ccoc3)C2)O1,c1c(*)cncc1O|o1ccc(*)c1,C(N1CCC2(OC(CNC(C[*])=O)CC2)C1)C[*],18.795642852783203
CC(C)N(CCc1ccoc1)C1CCc2nc(C(=O)N3CCN(c4cncc(O)c4)CC3)sc21,c1c(*)cncc1O|o1ccc(*)c1,C(C)(N(C1c2c(nc(C(=O)N3CCN([*])CC3)s2)CC1)CC[*])C,29.923110961914062
CC(C)C1CC(n2cc(-c3cncc(O)c3)nn2)CN1CCc1ccoc1,c1c(*)cncc1O|o1ccc(*)c1,[*]c1cn(C2CN(CC[*])C(C(C)C)C2)nn1,15.58852767944336
Nc1nc(-c2ccoc2)nc2c1ncn2C1OC(CN2CCC(c3cncc(O)c3)CC2)C(O)C1O,c1c(*)cncc1O|o1ccc(*)c1,C(N1CCC([*])CC1)C1OC(n2cnc3c(N)nc([*])nc23)C(O)C1O,17.27613639831543
CC(C)Nc1nc(NCC2CCCN2c2cncc(O)c2)c2nc(-c3ccoc3)ccc2n1,c1c(*)cncc1O|o1ccc(*)c1,C1N([*])C(CNc2nc(NC(C)C)nc3c2nc([*])cc3)CC1,19.027711868286133
CC(C)N1CC(c2ccoc2)c2nc(OCC3CCN(c4cncc(O)c4)CC3)ccc21,c1c(*)cncc1O|o1ccc(*)c1,c1(OCC2CCN([*])CC2)ccc2c(n1)C([*])CN2C(C)C,22.923629760742188
CCC(c1nnnn1Cc1ccoc1)N1CCC(c2cncc(O)c2)CC1,c1c(*)cncc1O|o1ccc(*)c1,C1([*])CCN(C(c2n(C[*])nnn2)CC)CC1,13.313368797302246
Oc1cncc(C2CCC3CCCC3(c3nc(O)c4ccc(-c5ccoc5)nc4n3)C2)c1,c1c(*)cncc1O|o1ccc(*)c1,Oc1nc(C23CC([*])CCC2CCC3)nc2nc([*])ccc12,21.981536865234375
Nc1nc(C(=O)NCCCN2CCN(c3cncc(O)c3)CC2)cc2ncc(-c3ccoc3)n12,c1c(*)cncc1O|o1ccc(*)c1,n12c(cc(C(=O)NCCCN3CCN([*])CC3)nc1N)ncc2[*],16.119245529174805
Oc1cncc(-c2nccc3[nH]c(-c4cn(Cc5ccoc5)c5ccccc45)nc23)c1,c1c(*)cncc1O|o1ccc(*)c1,c12c(-c3[nH]c4ccnc([*])c4n3)cn(C[*])c1cccc2,23.320934295654297
O=C(NCC1CCN(c2cncc(O)c2)CC1)c1cc(-c2ccoc2)nc2ccccc12,c1c(*)cncc1O|o1ccc(*)c1,C(NCC1CCN([*])CC1)(=O)c1c2ccccc2nc([*])c1,12.50478744506836
Nc1nc(CCc2ccoc2)cc(C2CCN(c3cncc(O)c3)CC2)n1,c1c(*)cncc1O|o1ccc(*)c1,c1(C2CCN([*])CC2)nc(N)nc(CC[*])c1,12.715437889099121
O=C(c1nc(-c2ccoc2)nc2c1CCCC2)N1CCC(c2cncc(O)c2)CC1,c1c(*)cncc1O|o1ccc(*)c1,c12c(C(=O)N3CCC([*])CC3)nc([*])nc1CCCC2,14.113653182983398
O=C(Cc1cncc(O)c1)Nc1ccc(CCCCCc2nnc(NC(=O)Cc3ccoc3)s2)nn1,c1c(*)cncc1O|o1ccc(*)c1,C(Cc1nnc(NC(=O)C[*])cc1)CCCc1nnc(NC(C[*])=O)s1,15.322443008422852
CC(C)(C)c1nn(Cc2ccoc2)c2c1CN(C(=O)NC1CCN(c3cncc(O)c3)C1)CC2,c1c(*)cncc1O|o1ccc(*)c1,C(NC1CCN([*])C1)(=O)N1CCc2n(C[*])nc(C(C)(C)C)c2C1,17.23253059387207
O=C(Cc1cncc(O)c1)N1CCCC(CN2CCC(c3ccoc3)CC2)C1,c1c(*)cncc1O|o1ccc(*)c1,C1CCN(C(C[*])=O)CC1CN1CCC([*])CC1,15.772144317626953
O=C(NCC1CCCN1c1cncc(O)c1)c1cn(Cc2ccoc2)c2cccnc12,c1c(*)cncc1O|o1ccc(*)c1,N1([*])CCCC1CNC(c1c2ncccc2n(C[*])c1)=O,15.510244369506836
CC(C(=O)N1CCN(c2cncc(O)c2)CC1)C1CCCCN1C(=O)c1ccc(-c2ccoc2)cc1,c1c(*)cncc1O|o1ccc(*)c1,c1(C(N2CCCCC2C(C(=O)N2CCN([*])CC2)C)=O)ccc([*])cc1,21.167484283447266
CC1(C)C(=O)N(Cc2cn(Cc3ccoc3)nn2)CC(CN)N1c1cncc(O)c1,c1c(*)cncc1O|o1ccc(*)c1,N1([*])C(CN)CN(Cc2nnn(C[*])c2)C(=O)C1(C)C,21.487689971923828
CCCCC1(NC(=O)CCc2cncc(O)c2)CCCCC2C(CO)NC(=O)C2(CCc2ccoc2)C1,c1c(*)cncc1O|o1ccc(*)c1,C1(=O)NC(CO)C2CCCCC(NC(=O)CC[*])(CCCC)CC12CC[*],31.85862159729004
Nc1nc(SCC(O)CN2CCN(c3cncc(O)c3)CC2)nn2nc(-c3ccoc3)nc12,c1c(*)cncc1O|o1ccc(*)c1,n1c(SCC(CN2CCN([*])CC2)O)nc(N)c2nc([*])nn12,13.763657569885254
O=C(C1CCC(n2cc(-c3ccoc3)nn2)C1)N1CCC(c2cncc(O)c2)CC1,c1c(*)cncc1O|o1ccc(*)c1,C(=O)(N1CCC([*])CC1)C1CC(n2nnc([*])c2)CC1,15.726038932800293
CC(Nc1cc(-c2cncc(O)c2)nc(C2CC2)n1)c1cccc(-c2ccoc2)c1,c1c(*)cncc1O|o1ccc(*)c1,n1c([*])cc(NC(c2cc([*])ccc2)C)nc1C1CC1,13.18878173828125
CC(C)C1CC(C(=O)NCCCN2CCC(c3cncc(O)c3)CC2)C(c2ccc(-c3ccoc3)cc2)C1,c1c(*)cncc1O|o1ccc(*)c1,C1CC([*])CCN1CCCNC(C1C(c2ccc([*])cc2)CC(C(C)C)C1)=O,22.836759567260742
CCCn1c2ccc(C(=O)NCC3CN(C)CCN(c4cncc(O)c4)C3)cc2c2nc(-c3ccoc3)cc(=O)n21,c1c(*)cncc1O|o1ccc(*)c1,c12c(cc(C(=O)NCC3CN([*])CCN(C)C3)cc1)c1nc([*])cc(=O)n1n2CCC,28.292795181274414
CCc1cnc2n1N(C(=O)CC(C)c1ccoc1)CCC2Cc1cncc(O)c1,c1c(*)cncc1O|o1ccc(*)c1,C(c1n2c(nc1)C(C[*])CCN2C(=O)CC([*])C)C,27.864850997924805
Cc1ccc(-c2ccoc2)cc1NC1C(=O)N(CCc2cncc(O)c2)c2ccc(Cl)cc21,c1c(*)cncc1O|o1ccc(*)c1,C(C[*])N1C(=O)C(Nc2c(C)ccc([*])c2)c2cc(Cl)ccc21,23.893150329589844
Cc1cc(-c2ccoc2)nc2cc(NC(=O)CCc3cncc(O)c3)ccc12,c1c(*)cncc1O|o1ccc(*)c1,c1c2c(cc(NC(CC[*])=O)c1)nc([*])cc2C,14.894639015197754
O=C(Nc1nc2ccc(-c3ccoc3)cc2s1)C1CCCCN(c2cncc(O)c2)C1,c1c(*)cncc1O|o1ccc(*)c1,c1c2nc(NC(C3CCCCN([*])C3)=O)sc2cc([*])c1,20.70155143737793
Oc1cncc(C2CCCN(Cc3ccc(-c4ccoc4)cc3)C2)c1,c1c(*)cncc1O|o1ccc(*)c1,C1C([*])CCCN1Cc1ccc([*])cc1,8.903474807739258
O=C1CC(Cc2cncc(O)c2)C(=O)N1c1ccc2nc(-c3ccoc3)ccc2c1,c1c(*)cncc1O|o1ccc(*)c1,C1(=O)C(C[*])CC(=O)N1c1ccc2nc([*])ccc2c1,18.134862899780273
OCC12CN(CCc3ccoc3)CCC1c1cc(-c3cncc(O)c3)ccc12,c1c(*)cncc1O|o1ccc(*)c1,OCC12C(c3cc([*])ccc31)CCN(CC[*])C2,22.551475524902344
CC(C)c1cc(NC(=O)N2CCCC2Cc2ccoc2)n(Cc2cncc(O)c2)n1,c1c(*)cncc1O|o1ccc(*)c1,O=C(Nc1cc(C(C)C)nn1C[*])N1CCCC1C[*],16.021432876586914
N#CCC1(n2nc(C(N)=O)c(-c3ccoc3)n2)CN(CCc2cncc(O)c2)C1,c1c(*)cncc1O|o1ccc(*)c1,[*]CCN1CC(n2nc(C(N)=O)c([*])n2)(CC#N)C1,14.300976753234863
CCc1c(C(C)O)nc2cc(-c3cncc(O)c3)nn2c1NCCc1ccoc1,c1c(*)cncc1O|o1ccc(*)c1,c1c([*])nn2c(NCC[*])c(CC)c(C(O)C)nc12,20.34331512451172
O=C(NCC1CCN(c2cncc(O)c2)CC1)c1ccc2nc(-c3ccoc3)ccc2c1,c1c(*)cncc1O|o1ccc(*)c1,C(NCC1CCN([*])CC1)(=O)c1cc2c(cc1)nc([*])cc2,13.37952995300293
CC(C)CCC1NC(Cc2ccoc2)C(=O)N(CCc2ccc(-c3cncc(O)c3)cc2)N1CC(C)C,c1c(*)cncc1O|o1ccc(*)c1,CC(C)CCC1N(CC(C)C)N(CCc2ccc([*])cc2)C(=O)C(C[*])N1,23.89822006225586
O=C(Cc1cncc(O)c1)NCC1OC2CN(C(=O)Cc3ccoc3)CC12,c1c(*)cncc1O|o1ccc(*)c1,O1C(CNC(C[*])=O)C2CN(C(C[*])=O)CC21,18.63852882385254
CC(Nc1nc(N)cc(NC(=O)Cc2cncc(O)c2)n1)c1ccnc(-c2ccoc2)c1,c1c(*)cncc1O|o1ccc(*)c1,[*]CC(=O)Nc1cc(N)nc(NC(c2cc([*])ncc2)C)n1,20.70489501953125
Oc1cncc(-c2noc(-c3ccn(Cc4ccoc4)c3)n2)c1,c1c(*)cncc1O|o1ccc(*)c1,c1c(-c2nc([*])no2)cn(C[*])c1,12.068764686584473
Nc1nc(NC2CCN(c3cncc(O)c3)CC2)nc2nc(-c3ccoc3)ccc12,c1c(*)cncc1O|o1ccc(*)c1,c12c(nc(NC3CCN([*])CC3)nc1N)nc([*])cc2,12.431997299194336
CC1(C)CN(CCCCc2cncc(O)c2)CC1n1cnc2c(N)nc(-c3ccoc3)nc21,c1c(*)cncc1O|o1ccc(*)c1,C1N(CCCC[*])CC(n2c3c(nc2)c(N)nc([*])n3)C1(C)C,20.818479537963867
Cc1nc2cc3c(=O)n(Cc4ccoc4)cnc3cc2n1C(=O)NC(C)c1ccc(-c2cncc(O)c2)cc1,c1c(*)cncc1O|o1ccc(*)c1,c1(C)n(C(NC(C)c2ccc([*])cc2)=O)c2cc3ncn(C[*])c(=O)c3cc2n1,29.157554626464844
Oc1cncc(CC2Cc3c(cccc3CN3CCC(c4ccoc4)CC3)CO2)c1,c1c(*)cncc1O|o1ccc(*)c1,C1OC(C[*])Cc2c(CN3CCC([*])CC3)cccc21,26.837778091430664
CCCCCNc1nc(NCCc2cncc(O)c2)nc2c1nc(NC(C)Cc1ccoc1)n2C1CCCC1,c1c(*)cncc1O|o1ccc(*)c1,C(C)CCCNc1nc(NCC[*])nc2c1nc(NC(C)C[*])n2C1CCCC1,22.99262809753418
CC12CN(C(=O)CCc3ccoc3)C1C2Nc1cc(-c2cncc(O)c2)nc(N)n1,c1c(*)cncc1O|o1ccc(*)c1,CC12C(C1Nc1cc([*])nc(N)n1)N(C(CC[*])=O)C2,27.526704788208008
Cn1cnc2nc(NCCc3ccoc3)nc(C(=O)NCC3CCN(c4cncc(O)c4)CC3)c21,c1c(*)cncc1O|o1ccc(*)c1,n1c2c(c(C(NCC3CCN([*])CC3)=O)nc1NCC[*])n(C)cn2,21.602176666259766
Cc1nc(NC(=O)c2cc(-c3ccoc3)nc3ccccc23)cc(-c2cncc(O)c2)n1,c1c(*)cncc1O|o1ccc(*)c1,n1c([*])cc(NC(c2cc([*])nc3c2cccc3)=O)nc1C,16.364368438720703
O=C(NC1CCN(c2cncc(O)c2)CC1)c1cccc(-c2ccoc2)c1,c1c(*)cncc1O|o1ccc(*)c1,c1(C(NC2CCN([*])CC2)=O)cccc([*])c1,11.573686599731445
CNC(CCc1ccoc1)CC1CCN(CCN2CCC(c3cncc(O)c3)CC2)C1=O,c1c(*)cncc1O|o1ccc(*)c1,C1([*])CCN(CCN2C(=O)C(CC(NC)CC[*])CC2)CC1,21.014877319335938
O=C(NCCCN1CCC(c2cncc(O)c2)CC1)Nc1ccc2[nH]nc(-c3ccoc3)c2c1,c1c(*)cncc1O|o1ccc(*)c1,C1C([*])CCN(CCCNC(Nc2cc3c([nH]nc3[*])cc2)=O)C1,18.201833724975586
NC(Cc1ccoc1)C(N)C(=O)NC(=O)C(COC(=O)N1CCCC1)Cc1cccc(-c2cncc(O)c2)c1,c1c(*)cncc1O|o1ccc(*)c1,c1cc([*])cc(CC(C(=O)NC(C(N)C(C[*])N)=O)COC(N2CCCC2)=O)c1,35.25412368774414
Cc1cc(NCCc2cncc(O)c2)n2cc(-c3ccoc3)nc2n1,c1c(*)cncc1O|o1ccc(*)c1,n1c2n(c(NCC[*])cc1C)cc([*])n2,13.595426559448242
CC(=O)N(CCCNCCc1cncc(O)c1)Cc1ccc(-c2ccoc2)cc1,c1c(*)cncc1O|o1ccc(*)c1,N(CC[*])CCCN(Cc1ccc([*])cc1)C(C)=O,20.92349624633789
CC(C(=O)N1CCC(Oc2cc(NC(=O)C3(c4cncc(O)c4)CC3)ccn2)C1)c1ccoc1,c1c(*)cncc1O|o1ccc(*)c1,c1c(NC(=O)C2([*])CC2)cc(OC2CN(C(=O)C([*])C)CC2)nc1,26.496187210083008
CC(C)c1c2ncc(-c3cncc(O)c3)cc2cn1CCNc1nc(N)nc(-c2ccoc2)n1,c1c(*)cncc1O|o1ccc(*)c1,C(n1c(C(C)C)c2c(c1)cc([*])cn2)CNc1nc(N)nc([*])n1,27.8359432220459
COc1ccc(-c2cncc(O)c2)cc1CC(=O)NC1CCCn2c(-c3ccoc3)cnc21,c1c(*)cncc1O|o1ccc(*)c1,c1([*])cc(CC(NC2c3n(c([*])cn3)CCC2)=O)c(OC)cc1,27.220870971679688
Nc1ncc(-c2cncc(O)c2)cc1C(N)CCc1ccc(-c2ccoc2)cc1,c1c(*)cncc1O|o1ccc(*)c1,c1c([*])cc(C(CCc2ccc([*])cc2)N)c(N)n1,20.299245834350586
NCC(CC(=O)NC1CC(=O)CC1c1cncc(O)c1)Cc1cc(-c2ccoc2)no1,c1c(*)cncc1O|o1ccc(*)c1,C1(=O)CC([*])C(NC(CC(CN)Cc2cc([*])no2)=O)C1,35.57493209838867
CC(CCc1ccoc1)NC(=O)C(CCC(=O)NC1CCCC(c2cncc(O)c2)C1)c1ccccc1,c1c(*)cncc1O|o1ccc(*)c1,C1C([*])CCCC1NC(CCC(c1ccccc1)C(NC(CC[*])C)=O)=O,32.77764892578125
CCOc1nc(C2CCN(c3cncc(O)c3)CC2)nc2c1nnn2Cc1ccoc1,c1c(*)cncc1O|o1ccc(*)c1,CCOc1nc(C2CCN([*])CC2)nc2n(C[*])nnc12,17.411521911621094
CN1CCN(C(=O)c2cc(N(C)CCCc3ccoc3)c3ccc(OCC(N)Cc4cncc(O)c4)cn23)CC1,c1c(*)cncc1O|o1ccc(*)c1,C([*])C(N)COc1cn2c(cc1)c(N(C)CCC[*])cc2C(=O)N1CCN(C)CC1,31.9246883392334
CCCN1C(Cc2ccoc2)CCC1C(=O)NC1(C(=O)NCCc2cncc(O)c2)CNC(C)Cc2ccccc21,c1c(*)cncc1O|o1ccc(*)c1,C1(C(NCC[*])=O)(NC(C2N(CCC)C(C[*])CC2)=O)CNC(C)Cc2ccccc21,34.9940299987793
O=C(NCC1(c2cncc(O)c2)CCCC1)Nc1nc2ccccc2c2nc(-c3ccoc3)nn12,c1c(*)cncc1O|o1ccc(*)c1,N(CC1([*])CCCC1)C(=O)Nc1nc2c(c3nc([*])nn31)cccc2,17.3783016204834
O=C(NCCCN1CCC(c2cncc(O)c2)CC1)Nc1nc2ccccc2c2nc(-c3ccoc3)nn12,c1c(*)cncc1O|o1ccc(*)c1,C(CN1CCC([*])CC1)CNC(=O)Nc1nc2c(c3nc([*])nn13)cccc2,16.342897415161133
Oc1cncc(-c2ncn(CCC3CCCN3CCc3ccoc3)n2)c1,c1c(*)cncc1O|o1ccc(*)c1,[*]c1ncn(CCC2N(CC[*])CCC2)n1,16.31397819519043
CC(=O)N1CC(c2cncc(O)c2)C(N(C)C(=O)c2ccc(-c3ccoc3)cc2)C1,c1c(*)cncc1O|o1ccc(*)c1,c1cc(C(=O)N(C)C2CN(C(C)=O)CC2[*])ccc1[*],17.185773849487305
CN(c1cc(-c2ccoc2)c2cc(=O)n(C)cc2c1)C(Cc1cncc(O)c1)C(=O)NCC1CC2CCC(N2)N1C,c1c(*)cncc1O|o1ccc(*)c1,CN1C(CNC(C(C[*])N(C)c2cc3cn(C)c(=O)cc3c([*])c2)=O)CC2CCC1N2,40.93227767944336
CCc1cccc(C(Cc2nnc(-c3cncc(O)c3)o2)NC(=O)CCc2ccoc2)c1,c1c(*)cncc1O|o1ccc(*)c1,c1cc(C(Cc2nnc([*])o2)NC(CC[*])=O)cc(CC)c1,21.103361129760742
CCCNc1cc(NC(=O)CCc2ccoc2)nc(C(C)n2cnc(-c3cncc(O)c3)cc2=O)c1,c1c(*)cncc1O|o1ccc(*)c1,N(c1cc(C(C)n2c(=O)cc([*])nc2)nc(NC(CC[*])=O)c1)CCC,35.56914520263672
Oc1cncc(N2CCN(Cc3cccc(-c4ccoc4)n3)CC2)c1,c1c(*)cncc1O|o1ccc(*)c1,[*]N1CCN(Cc2cccc([*])n2)CC1,13.076488494873047
O=C(CN1CCN(c2cncc(O)c2)CC1)Nc1cccc(-c2ccoc2)c1,c1c(*)cncc1O|o1ccc(*)c1,C1N([*])CCN(CC(=O)Nc2cccc([*])c2)C1,14.544843673706055
O=C(CN1CCCCC1c1cncc(O)c1)N1CCCC1Cc1ccoc1,c1c(*)cncc1O|o1ccc(*)c1,C1([*])CCCCN1CC(N1CCCC1C[*])=O,16.414031982421875
O=C(CN1CCN(c2cncc(O)c2)CC1)Nc1ncc(-c2ccoc2)s1,c1c(*)cncc1O|o1ccc(*)c1,C1N([*])CCN(CC(Nc2ncc([*])s2)=O)C1,17.087766647338867
O=C1CC(CCc2ccoc2)C(=O)N1CCCN1CCN(c2cncc(O)c2)CC1,c1c(*)cncc1O|o1ccc(*)c1,O=C1N(CCCN2CCN([*])CC2)C(=O)C(CC[*])C1,12.268289566040039
O=C(NCCc1ccoc1)C1CCCN(Cc2ccc(-c3cncc(O)c3)cn2)C1,c1c(*)cncc1O|o1ccc(*)c1,c1cc([*])cnc1CN1CC(C(NCC[*])=O)CCC1,17.82273292541504
CC(C)(CNC(=O)Cn1ncc2cc3nc(-c4ccoc4)nn3c(N)c21)c1cncc(O)c1,c1c(*)cncc1O|o1ccc(*)c1,c12c(cnn1CC(=O)NCC(C)([*])C)cc1nc([*])nn1c2N,21.806167602539062
Oc1cncc(CCNC2(c3cccc(-c4ccoc4)c3)CC2)c1,c1c(*)cncc1O|o1ccc(*)c1,[*]CCNC1(c2cccc([*])c2)CC1,15.206626892089844
O=C(CCc1nc(-c2ccoc2)no1)N1CCN(c2cncc(O)c2)CC1,c1c(*)cncc1O|o1ccc(*)c1,C1CN([*])CCN1C(=O)CCc1nc([*])no1,13.113224029541016
CC(C)Oc1c(-c2nc(-c3cncc(O)c3)no2)cc(-c2ccc(-c3ccoc3)o2)n1C,c1c(*)cncc1O|o1ccc(*)c1,n1(C)c(OC(C)C)c(-c2nc([*])no2)cc1-c1ccc([*])o1,26.930147171020508
CC(CNC1=Nc2nnn3c2C=C(c2ccoc2)C=CC3=N1)NCCc1cncc(O)c1,c1c(*)cncc1O|o1ccc(*)c1,n1nc2c3n1c(nc(NCC(NCC[*])C)n2)ccc([*])c3,35.410858154296875
O=C(O)C(Cc1ccoc1)N1CCC(Cc2cccc(-c3cncc(O)c3)n2)(c2ccccc2)C1,c1c(*)cncc1O|o1ccc(*)c1,[*]c1nc(CC2(c3ccccc3)CN(C(C(O)=O)C[*])CC2)ccc1,24.490503311157227
Oc1cncc(C2CCCN(Cc3ccc4ncn(CCc5ccoc5)c4n3)C2)c1,c1c(*)cncc1O|o1ccc(*)c1,c12c(nc(CN3CC([*])CCC3)cc1)n(CC[*])cn2,23.377017974853516
Oc1cncc(C2CCN(Cc3cc(-c4ccoc4)no3)CC2)c1,c1c(*)cncc1O|o1ccc(*)c1,o1c(CN2CCC([*])CC2)cc([*])n1,11.266525268554688
Oc1cncc(N2CCC(NCCNc3nc4ccccc4c4nc(-c5c[nH]c(-c6ccoc6)n5)nn34)CC2)c1,c1c(*)cncc1O|o1ccc(*)c1,n1n2c(NCCNC3CCN([*])CC3)nc3c(c2nc1-c1nc([*])[nH]c1)cccc3,32.42067337036133
Oc1cncc(N2CCC(CNCCN3CCc4nc(-c5ccoc5)ccc43)C2)c1,c1c(*)cncc1O|o1ccc(*)c1,C(NCC1CCN([*])C1)CN1CCc2c1ccc([*])n2,20.761730194091797
CCC(CNC(CN1C(=O)NC(Cc2cncc(O)c2)C1=O)c1cccnc1)NC(C)Cc1ccoc1,c1c(*)cncc1O|o1ccc(*)c1,CC(NC(CNC(CN1C(=O)C(C[*])NC1=O)c1cnccc1)CC)C[*],26.42096519470215
O=C(NCCCc1ccoc1)c1csc(C2CCCN(c3cncc(O)c3)C2)n1,c1c(*)cncc1O|o1ccc(*)c1,C(CNC(=O)c1nc(C2CCCN([*])C2)sc1)C[*],19.01270866394043
Oc1cncc(N2CCC(Nc3ncc4c(n3)C(c3ccoc3)CC4)CC2)c1,c1c(*)cncc1O|o1ccc(*)c1,n1cc2c(nc1NC1CCN([*])CC1)C([*])CC2,16.521818161010742
O=S(=O)(c1ccc(-c2ccoc2)cc1)N1CCN(c2cncc(O)c2)CC1,c1c(*)cncc1O|o1ccc(*)c1,N1([*])CCN(S(c2ccc([*])cc2)(=O)=O)CC1,12.755516052246094
O=C(CCc1cc2nc(-c3ccoc3)cn2cn1)NCCc1cncc(O)c1,c1c(*)cncc1O|o1ccc(*)c1,n12cnc(CCC(=O)NCC[*])cc1nc([*])c2,19.090208053588867
Nc1nc(NCC2(c3cncc(O)c3)CCCC2)cc2ncc(-c3ccoc3)n12,c1c(*)cncc1O|o1ccc(*)c1,C1CCCC1([*])CNc1nc(N)n2c(c1)ncc2[*],14.747241020202637
OCC(Cc1cncc(O)c1)NCC1OC2CCN(CCc3ccoc3)C21,c1c(*)cncc1O|o1ccc(*)c1,C12C(C(CNC(CO)C[*])O1)N(CC[*])CC2,23.050771713256836
CCNC(Cc1ccoc1)c1nc(N)c2ccn(CC(Cl)c3cncc(O)c3)c2n1,c1c(*)cncc1O|o1ccc(*)c1,n1c2n(CC([*])Cl)ccc2c(N)nc1C(C[*])NCC,23.71820640563965
O=C(Nc1cc(-c2ccc(-c3ccoc3)nc2)ccn1)C1(c2cncc(O)c2)CC1,c1c(*)cncc1O|o1ccc(*)c1,n1c(NC(C2([*])CC2)=O)cc(-c2cnc([*])cc2)cc1,17.64923095703125
CC1CCC(C(O)c2ccc3c(c2)nc(CCCCc2ccoc2)n3C)N(CC(C)(C)c2cncc(O)c2)C1,c1c(*)cncc1O|o1ccc(*)c1,C(C1N(CC(C)([*])C)CC(C)CC1)(O)c1cc2nc(CCCC[*])n(C)c2cc1,30.637104034423828
O=C(Cc1cncc(O)c1)N1CCCCC1CNc1ccnc2ccc(-c3ccoc3)cc12,c1c(*)cncc1O|o1ccc(*)c1,c1(NCC2N(C(=O)C[*])CCCC2)c2c(ncc1)ccc([*])c2,21.59574317932129
CC(=O)N1CCC(CC(O)Cc2cncc(O)c2)C(N2C=C(CN(C)Cc3ccc(-c4ccoc4)cc3)Oc3nc(C)c(F)cc3C2)C1,c1c(*)cncc1O|o1ccc(*)c1,[*]CC(CC1C(n2cc(CN(Cc3ccc([*])cc3)C)Oc3c(cc(F)c(C)n3)C2)CN(C(=O)C)CC1)O,43.55155563354492
Cc1nc2c(nc1N1CCC(c3cncc(O)c3)CC1)nc(-c1ccoc1)n2C,c1c(*)cncc1O|o1ccc(*)c1,c1(C)nc2c(nc1N1CCC([*])CC1)nc([*])n2C,19.300569534301758
Oc1cncc(-c2cccc(CN3CCN(CCc4ccoc4)CC3)c2)c1,c1c(*)cncc1O|o1ccc(*)c1,[*]c1cccc(CN2CCN(CC[*])CC2)c1,13.925569534301758
CN(Cc1cn(Cc2ccoc2)nn1)Cc1cc(-c2cncc(O)c2)no1,c1c(*)cncc1O|o1ccc(*)c1,c1c([*])noc1CN(C)Cc1cn(C[*])nn1,18.130903244018555
NC(=O)c1nc2cc(NC(=O)c3ccc(-c4cncc(O)c4)nc3)ccc2nc1-c1ccoc1,c1c(*)cncc1O|o1ccc(*)c1,N(C(=O)c1cnc([*])cc1)c1ccc2nc([*])c(C(N)=O)nc2c1,21.484159469604492
Cn1nc(Cc2ccoc2)cc1S(=O)(=O)C1CCN(c2cncc(O)c2)CC1,c1c(*)cncc1O|o1ccc(*)c1,C1N([*])CCC(S(=O)(=O)c2cc(C[*])nn2C)C1,24.734228134155273
Nc1nc(CSc2nnc(-c3cncc(O)c3)o2)nc(-c2ccoc2)n1,c1c(*)cncc1O|o1ccc(*)c1,c1(CSc2nnc([*])o2)nc(N)nc([*])n1,20.199886322021484
Cc1cc(CCC(=O)N2CCC(c3cncc(O)c3)CC2)c2cc(-c3ccoc3)ccc2n1,c1c(*)cncc1O|o1ccc(*)c1,C1CC([*])CCN1C(=O)CCc1c2cc([*])ccc2nc(C)c1,17.62385368347168
Oc1cncc(-c2ccnc(NCC(F)(CCc3ccoc3)c3ccccc3)n2)c1,c1c(*)cncc1O|o1ccc(*)c1,n1ccc([*])nc1NCC(F)(CC[*])c1ccccc1,20.37661361694336
Nc1nc(N2CCN(CCN3CCCC(c4cncc(O)c4)C3)CC2)nc2nc(-c3ccoc3)nn12,c1c(*)cncc1O|o1ccc(*)c1,C1CCC([*])CN1CCN1CCN(c2nc(N)n3c(nc([*])n3)n2)CC1,16.26486587524414
CC(Cc1cncc(O)c1)Nc1nnc(C(=O)N2CCC(c3ccoc3)CC2)s1,c1c(*)cncc1O|o1ccc(*)c1,[*]CC(Nc1nnc(C(=O)N2CCC([*])CC2)s1)C,17.120431900024414
CC(C)Nc1nc(-c2cncc(O)c2)cc2c1nc(N)n1nc(-c3ccoc3)nc21,c1c(*)cncc1O|o1ccc(*)c1,c1c([*])nc(NC(C)C)c2nc(N)n3c(nc([*])n3)c12,17.73078727722168
O=C(CCCC1CCN(CC(CCCN2C(=O)NCC2Cc2ccoc2)Cc2ccccc2)C1=O)NCCc1cncc(O)c1,c1c(*)cncc1O|o1ccc(*)c1,O=C1N(CCCC(CN2C(=O)C(CCCC(=O)NCC[*])CC2)Cc2ccccc2)C(C[*])CN1,32.92777633666992
O=C1CSC(c2ccc(-c3ccoc3)cc2)N1C(CO)Cc1cncc(O)c1,c1c(*)cncc1O|o1ccc(*)c1,[*]CC(CO)N1C(=O)CSC1c1ccc([*])cc1,16.475278854370117
Cc1cc(C)c2c(c1)CN(C(=O)C(N)Cc1ccoc1)CC2C(=O)N(C)CCc1cncc(O)c1,c1c(*)cncc1O|o1ccc(*)c1,C(C[*])N(C(=O)C1CN(C(C(C[*])N)=O)Cc2cc(C)cc(C)c21)C,26.18425750732422
Nc1nc2c(cnn2CCCc2cncc(O)c2)c2nc(-c3ccoc3)nn12,c1c(*)cncc1O|o1ccc(*)c1,Nc1nc2n(CCC[*])ncc2c2nc([*])nn12,10.737371444702148
NCC(Cc1ccc(-c2ccoc2)cc1)NC1CCCC(c2cncc(O)c2)C1,c1c(*)cncc1O|o1ccc(*)c1,C1([*])CC(NC(CN)Cc2ccc([*])cc2)CCC1,14.886341094970703
O=C(NC1CCCC(c2cncc(O)c2)C1)N1CCn2nnc(-c3ccoc3)c2C1,c1c(*)cncc1O|o1ccc(*)c1,C1C([*])CCCC1NC(=O)N1Cc2n(nnc2[*])CC1,17.72976303100586
O=C(Nc1ccc(Cc2ccoc2)cc1)C1(c2cncc(O)c2)CCCC1,c1c(*)cncc1O|o1ccc(*)c1,C(C1([*])CCCC1)(Nc1ccc(C[*])cc1)=O,15.107409477233887
CC(CN1CCCC(c2cncc(O)c2)C1)NC(=O)Cc1nnc(-c2ccoc2)n1C,c1c(*)cncc1O|o1ccc(*)c1,C1([*])CCCN(CC(C)NC(=O)Cc2nnc([*])n2C)C1,18.09457778930664
O=C(Cc1ccoc1)N1CCC2(CCC(c3cncc(O)c3)OC2)CC1,c1c(*)cncc1O|o1ccc(*)c1,[*]C1CCC2(CCN(C(=O)C[*])CC2)CO1,12.971536636352539
CC1(Cc2cncc(O)c2)CCCN1CC(NC(CN)Cc1ccoc1)c1ccccc1,c1c(*)cncc1O|o1ccc(*)c1,c1c(C(CN2C(C[*])(C)CCC2)NC(CN)C[*])cccc1,19.780282974243164
Oc1cncc(N2CCC(NCc3nc(-c4ccoc4)no3)C2)c1,c1c(*)cncc1O|o1ccc(*)c1,C(NC1CCN([*])C1)c1nc([*])no1,11.355155944824219
Oc1cncc(N2CCC(CCNCCn3cnc4c5ncnc(-c6ccoc6)c5[nH]c43)CC2)c1,c1c(*)cncc1O|o1ccc(*)c1,C(CNCCC1CCN([*])CC1)n1c2c(c3c([nH]2)c([*])ncn3)nc1,25.348644256591797
Nc1nc(NCCc2ccoc2)c2ncn(CCCCC3CCCN(c4cncc(O)c4)C3)c2n1,c1c(*)cncc1O|o1ccc(*)c1,C1N([*])CC(CCCCn2c3nc(N)nc(NCC[*])c3nc2)CC1,18.8275203704834
O=C(NCCCN1CCN(c2cncc(O)c2)CC1)C1(c2ccoc2)CCCC1,c1c(*)cncc1O|o1ccc(*)c1,C(N1CCN([*])CC1)CCNC(C1([*])CCCC1)=O,19.794620513916016
CC1C(=O)N(Cc2cn(Cc3ccoc3)nn2)CCS(=O)(=O)N1Cc1ccc(-c2cncc(O)c2)cc1,c1c(*)cncc1O|o1ccc(*)c1,c1cc([*])ccc1CN1C(C)C(=O)N(Cc2cn(C[*])nn2)CCS1(=O)=O,11.432857513427734
O=C(Nc1cc(-c2ccoc2)ccn1)C1CCCN(C(=O)Cc2cncc(O)c2)C1,c1c(*)cncc1O|o1ccc(*)c1,c1c(NC(C2CN(C(C[*])=O)CCC2)=O)nccc1[*],13.82718276977539
Oc1cncc(C2CCN(Cc3nc(-c4ccoc4)no3)CC2)c1,c1c(*)cncc1O|o1ccc(*)c1,n1oc(CN2CCC([*])CC2)nc1[*],9.64754581451416
CC(NC(=O)Cc1cncc(O)c1)C(=O)N1CCCC1CNc1nc(N)n2nc(-c3ccoc3)nc2n1,c1c(*)cncc1O|o1ccc(*)c1,C1CCN(C(C(C)NC(=O)C[*])=O)C1CNc1nc(N)n2c(n1)nc([*])n2,19.839038848876953
Nc1cc(Nc2cnc(-c3cncc(O)c3)cn2)cc(-c2ccoc2)c1,c1c(*)cncc1O|o1ccc(*)c1,N(c1ncc([*])nc1)c1cc(N)cc([*])c1,17.13325309753418
CC1C2CC(NCCCc3ccoc3)CC1(c1cncc(O)c1)CCO2,c1c(*)cncc1O|o1ccc(*)c1,C1(C)C2([*])CC(NCCC[*])CC1OCC2,22.71721076965332
O=C(c1ccc(-c2ccoc2)nn1)N1CCN(c2cncc(O)c2)CC1,c1c(*)cncc1O|o1ccc(*)c1,N1([*])CCN(C(c2ccc([*])nn2)=O)CC1,15.05378246307373
Nc1ncnc2c(NC3CCN(c4cncc(O)c4)C3)nc(-c3cnn(CCc4ccoc4)c3)nc12,c1c(*)cncc1O|o1ccc(*)c1,C1N([*])CCC1Nc1c2c(c(N)ncn2)nc(-c2cnn(CC[*])c2)n1,32.195858001708984
Nc1c(C(=O)NCC2CCC(c3cncc(O)c3)CN2)cnc2c(-c3ccoc3)cnn12,c1c(*)cncc1O|o1ccc(*)c1,N(CC1CCC([*])CN1)C(c1c(N)n2ncc([*])c2nc1)=O,22.269580841064453
O=C(Nc1cccc(-c2ccoc2)c1)C1CCN(c2cncc(O)c2)CC1,c1c(*)cncc1O|o1ccc(*)c1,c1c(NC(C2CCN([*])CC2)=O)cc([*])cc1,9.739891052246094
Nc1nc(NCCc2ccoc2)nc(OCC2CC2c2cncc(O)c2)n1,c1c(*)cncc1O|o1ccc(*)c1,C1C([*])C1COc1nc(N)nc(NCC[*])n1,13.157279968261719
O=C(Cc1cncc(O)c1)NC(C(=O)NC1CCCc2cc(-c3ccoc3)ccc21)C1CCCCC1,c1c(*)cncc1O|o1ccc(*)c1,[*]CC(=O)NC(C1CCCCC1)C(=O)NC1c2ccc([*])cc2CCC1,19.039993286132812
CC(Nc1ccc(-c2ccoc2)cc1)C1(C)CCCN1C(=O)C(Cc1cncc(O)c1)NC(=O)C1CC1,c1c(*)cncc1O|o1ccc(*)c1,N(C(C1(C)CCCN1C(C(C[*])NC(=O)C1CC1)=O)C)c1ccc([*])cc1,24.57071876525879
O=C(CCc1ccoc1)Nc1cc2ncnn2c2ccc(-c3cncc(O)c3)cc12,c1c(*)cncc1O|o1ccc(*)c1,c12n(ncn1)c1ccc([*])cc1c(NC(CC[*])=O)c2,22.027141571044922
CCC1C(=O)C(n2ccc(-c3ccoc3)n2)CN(CCc2cncc(O)c2)C1=O,c1c(*)cncc1O|o1ccc(*)c1,O=C1C(CC)C(=O)N(CC[*])CC1n1ccc([*])n1,23.645933151245117
Oc1cncc(-c2cc(CN3CCCC4(CCNCC4c4ccoc4)C3)ncn2)c1,c1c(*)cncc1O|o1ccc(*)c1,C1NCCC2(CCCN(Cc3cc([*])ncn3)C2)C1[*],23.59300994873047
CNCCCCNc1nc(-c2cncc(O)c2)nc2cnc(SCCc3ccoc3)cc12,c1c(*)cncc1O|o1ccc(*)c1,n1c2c(c(NCCCCNC)nc1[*])cc(SCC[*])nc2,34.109195709228516
O=C(Nc1cn(Cc2cncc(O)c2)nn1)c1cc(-c2ccoc2)nc2ccccc12,c1c(*)cncc1O|o1ccc(*)c1,n1n(C[*])cc(NC(=O)c2cc([*])nc3ccccc23)n1,14.864339828491211
CC(CN1CC(CC(=O)NCCc2cncc(O)c2)CC1=O)c1cc(O)c(=O)n2nc(-c3ccoc3)ccc12,c1c(*)cncc1O|o1ccc(*)c1,c1c(C(C)CN2C(=O)CC(CC(NCC[*])=O)C2)c2n(c(=O)c1O)nc([*])cc2,34.450233459472656
CC(C)N1C(C)CN(c2ccc(-c3ccoc3)c3cc(N)ncc23)CC1C(=O)NCCc1ccc(-c2cncc(O)c2)cc1,c1c(*)cncc1O|o1ccc(*)c1,C1(C(=O)NCCc2ccc([*])cc2)CN(c2ccc([*])c3cc(N)ncc32)CC(C)N1C(C)C,38.88612365722656
O=C(c1ccnc2ccc(-c3ccoc3)nc12)N1CCC(c2cncc(O)c2)CC1,c1c(*)cncc1O|o1ccc(*)c1,n1c2c(c(C(=O)N3CCC([*])CC3)cc1)nc([*])cc2,14.00438404083252
NCC1(n2cc(-c3cncc(O)c3)nn2)CN(Cc2ccc(-c3ccoc3)cc2)C1,c1c(*)cncc1O|o1ccc(*)c1,C(C1(n2cc([*])nn2)CN(Cc2ccc([*])cc2)C1)N,15.877741813659668
CN(Cc1nc(-c2ccoc2)no1)C1CCN(c2cncc(O)c2)C1,c1c(*)cncc1O|o1ccc(*)c1,N1([*])CC(N(Cc2nc([*])no2)C)CC1,11.38289737701416
Nc1nc(-c2cccc(-c3cncc(O)c3)c2)c2nc(-c3ccoc3)ccc2n1,c1c(*)cncc1O|o1ccc(*)c1,Nc1nc(-c2cc([*])ccc2)c2nc([*])ccc2n1,15.980073928833008
O=C(Nc1cccc(Cn2ccc(-c3ccoc3)n2)c1)c1ccc(-c2cncc(O)c2)o1,c1c(*)cncc1O|o1ccc(*)c1,c1cc([*])oc1C(=O)Nc1cccc(Cn2ccc([*])n2)c1,25.43060874938965
Cn1nc(-c2cncc(O)c2)nc1SCc1nc(-c2ccoc2)no1,c1c(*)cncc1O|o1ccc(*)c1,Cn1nc([*])nc1SCc1nc([*])no1,16.957380294799805
CC(C)n1nc(C2CCN(c3cncc(O)c3)CC2)c2nc(-c3ccoc3)ccc21,c1c(*)cncc1O|o1ccc(*)c1,c1(C2CCN([*])CC2)c2nc([*])ccc2n(C(C)C)n1,19.208450317382812
CC(C)OC(=O)c1cnc(-c2ccoc2)c2ccc(OCC(CNC(=O)Cc3cncc(O)c3)c3cccc(O)c3)cc12,c1c(*)cncc1O|o1ccc(*)c1,n1cc(C(OC(C)C)=O)c2cc(OCC(CNC(=O)C[*])c3cc(O)ccc3)ccc2c1[*],29.817350387573242
Cc1nc2c(Br)cc(-c3ccoc3)nn2c1CN(C)C(=O)C1CCCC1c1cncc(O)c1,c1c(*)cncc1O|o1ccc(*)c1,c1(CN(C)C(C2CCCC2[*])=O)n2nc([*])cc(Br)c2nc1C,28.106950759887695
O=C(CN1CCCC1)Nc1nc2nn(Cc3ccoc3)cc2c2nc(-c3cncc(O)c3)nn12,c1c(*)cncc1O|o1ccc(*)c1,O=C(CN1CCCC1)Nc1nc2c(c3nc([*])nn13)cn(C[*])n2,20.624671936035156
CC(NC(=O)Cc1cncc(O)c1)Nc1ccc(C(=O)Nc2cccc(-c3ccoc3)c2)cc1,c1c(*)cncc1O|o1ccc(*)c1,[*]CC(NC(Nc1ccc(C(=O)Nc2cccc([*])c2)cc1)C)=O,20.775556564331055
CC(C)CN(C(=O)C1CCC(n2cc(-c3cncc(O)c3)nn2)CN1CCc1ccoc1)C(C)C,c1c(*)cncc1O|o1ccc(*)c1,C1(C(N(CC(C)C)C(C)C)=O)CCC(n2cc([*])nn2)CN1CC[*],28.200437545776367
CC1(c2cncc(O)c2)C(=O)N(CC(CCc2ccoc2)c2ccc(Cl)c(Cl)c2)C(=O)N1CCC1CC1,c1c(*)cncc1O|o1ccc(*)c1,C1(C)([*])C(=O)N(CC(CC[*])c2cc(Cl)c(Cl)cc2)C(=O)N1CCC1CC1,24.34794807434082
CC(C)c1nc2ccc(NS(=O)(=O)CCc3ccoc3)cc2cc1-c1cncc(O)c1,c1c(*)cncc1O|o1ccc(*)c1,c1(C(C)C)nc2c(cc1[*])cc(NS(=O)(=O)CC[*])cc2,20.205936431884766
CN(CCCc1cncc(O)c1)CCn1c(=O)c2ccccc2n(CCc2ccoc2)c1=O,c1c(*)cncc1O|o1ccc(*)c1,n1(CCN(C)CCC[*])c(=O)n(CC[*])c2ccccc2c1=O,19.953292846679688
NC(=O)CC(c1ccc(-c2ccoc2)cc1)N1CCC(c2cncc(O)c2)CC1,c1c(*)cncc1O|o1ccc(*)c1,C1CC([*])CCN1C(c1ccc([*])cc1)CC(=O)N,13.87757396697998
CC(=O)NNC(=O)CC(C(=O)NC(Cc1ccc(-c2ccoc2)cc1)C(N)=O)N(C)Cc1ccc(-c2cncc(O)c2)cc1,c1c(*)cncc1O|o1ccc(*)c1,c1c([*])ccc(CN(C(C(=O)NC(C(N)=O)Cc2ccc([*])cc2)CC(=O)NNC(C)=O)C)c1,36.49494552612305
O=C(Nc1cc(-c2cncc(O)c2)nn2ncnc12)c1cccc(-c2ccoc2)c1,c1c(*)cncc1O|o1ccc(*)c1,c1c([*])nn2c(ncn2)c1NC(c1cc([*])ccc1)=O,20.170673370361328
Nc1ncc(N(CCCc2cncc(O)c2)c2cccc(Cl)c2)n2nc(-c3ccoc3)nc12,c1c(*)cncc1O|o1ccc(*)c1,n1cc(N(CCC[*])c2cccc(Cl)c2)n2c(c1N)nc([*])n2,28.88625144958496
Oc1cncc(CCN2CCCCC2c2ncc(-c3ccoc3)[nH]2)c1,c1c(*)cncc1O|o1ccc(*)c1,[*]CCN1C(c2ncc([*])[nH]2)CCCC1,13.32266902923584
COc1cnc(C(=O)N2CCCC(c3cncc(O)c3)C2)cc1Nc1nc(N)nc2[nH]cc(-c3ccoc3)c12,c1c(*)cncc1O|o1ccc(*)c1,n1c(C(N2CC([*])CCC2)=O)cc(Nc2c3c(nc(N)n2)[nH]cc3[*])c(OC)c1,24.58536720275879
Cc1cc(C(=O)Nc2ccc(-c3ccoc3)cc2)n(Cc2cncc(O)c2)n1,c1c(*)cncc1O|o1ccc(*)c1,n1n(C[*])c(C(Nc2ccc([*])cc2)=O)cc1C,15.136012077331543
O=C(NC1CCCN(c2cncc(O)c2)C1)c1ccc2c(c1)c(-c1ccoc1)nn1ccnc21,c1c(*)cncc1O|o1ccc(*)c1,n1n2c(ncc2)c2ccc(C(=O)NC3CN([*])CCC3)cc2c1[*],18.874149322509766
CC(c1cccc(-n2nnc(-c3cncc(O)c3)n2)c1)N1CCC(c2ccoc2)CC1,c1c(*)cncc1O|o1ccc(*)c1,c1c(-n2nc([*])nn2)cc(C(C)N2CCC([*])CC2)cc1,20.59176254272461
CC(C)c1nn(Cc2ccoc2)c2ccc(C(N)c3ccccc3)c(NC(=O)Cc3cncc(O)c3)c12,c1c(*)cncc1O|o1ccc(*)c1,C(C[*])(=O)Nc1c(C(N)c2ccccc2)ccc2n(C[*])nc(C(C)C)c12,30.861305236816406
O=C(Nc1cn2nc(-c3ccoc3)ccc2n1)C1CCN(c2cncc(O)c2)CC1,c1c(*)cncc1O|o1ccc(*)c1,c1(NC(=O)C2CCN([*])CC2)cn2c(ccc([*])n2)n1,17.12846565246582
O=C(c1cc(-c2ccoc2)nc2ccc(Br)cc12)N1CCC(c2cncc(O)c2)CC1,c1c(*)cncc1O|o1ccc(*)c1,C1C([*])CCN(C(c2cc([*])nc3ccc(Br)cc23)=O)C1,16.599782943725586
O=C(O)C1(c2cncc(O)c2)CCC(n2cc(-c3ccoc3)nn2)CC1,c1c(*)cncc1O|o1ccc(*)c1,C1CC(C(=O)O)([*])CCC1n1cc([*])nn1,20.1779842376709
CC(CNC(=O)C1CNC(=O)C2(CCCC2)C1CNCc1ccc(-c2ccoc2)cc1)c1cncc(O)c1,c1c(*)cncc1O|o1ccc(*)c1,C1(C(NCC([*])C)=O)C(CNCc2ccc([*])cc2)C2(C(=O)NC1)CCCC2,26.930213928222656
O=C(O)C(Cc1ccc(-c2ccoc2)cc1)N1CCCC1CCc1cncc(O)c1,c1c(*)cncc1O|o1ccc(*)c1,C(N1C(CC[*])CCC1)(Cc1ccc([*])cc1)C(=O)O,17.32514190673828
Cc1nc(NC(CCN(C)C2CC2)c2ccc(-c3cncc(O)c3)cc2)cc(-c2ccoc2)n1,c1c(*)cncc1O|o1ccc(*)c1,[*]c1ccc(C(Nc2nc(C)nc([*])c2)CCN(C)C2CC2)cc1,26.69044303894043
OCC1CN(Cc2ccc(-c3ccoc3)cc2)CCN1c1cncc(O)c1,c1c(*)cncc1O|o1ccc(*)c1,C(O)C1N([*])CCN(Cc2ccc([*])cc2)C1,14.079113006591797
O=C(C1C(c2ccc(-c3ccoc3)cc2)C1c1cncc(O)c1)N1CCCC1,c1c(*)cncc1O|o1ccc(*)c1,C1CCCN1C(=O)C1C([*])C1c1ccc([*])cc1,14.826748847961426
CC(Cc1cncc(O)c1)N(C(=O)O)C(=O)c1c2cc(-c3ccoc3)ccc2nn1C,c1c(*)cncc1O|o1ccc(*)c1,n1c2c(c(C(N(C(C[*])C)C(O)=O)=O)n1C)cc([*])cc2,32.05986785888672
Oc1cncc(N2CCC3(CCN(Cc4ccnc(-c5ccoc5)c4)CC3)C2)c1,c1c(*)cncc1O|o1ccc(*)c1,C1CC2(CN1[*])CCN(Cc1ccnc([*])c1)CC2,17.936283111572266
Oc1cncc(C2CCC(CNc3cc(C(F)(F)F)c4nc(Cc5ccoc5)cn4n3)CC2)c1,c1c(*)cncc1O|o1ccc(*)c1,n1c(NCC2CCC([*])CC2)cc(C(F)(F)F)c2nc(C[*])cn12,20.711048126220703
Oc1cncc(CC(F)(F)N2CC3CN(c4nccc(-c5ccoc5)n4)CC3C2)c1,c1c(*)cncc1O|o1ccc(*)c1,FC(F)(C[*])N1CC2CN(c3nccc([*])n3)CC2C1,22.801170349121094
O=C(NC(Cc1cncc(O)c1)C(=O)O)C1CCCN(Cc2ccnc(-c3ccoc3)c2)C1,c1c(*)cncc1O|o1ccc(*)c1,c1(CN2CCCC(C(=O)NC(C(=O)O)C[*])C2)cc([*])ncc1,20.854448318481445
CC(C)Oc1cc(CNC(=O)C2CCCN2C(=O)CCc2ccoc2)ccc1-c1cncc(O)c1,c1c(*)cncc1O|o1ccc(*)c1,c1c([*])c(OC(C)C)cc(CNC(C2CCCN2C(=O)CC[*])=O)c1,23.85795021057129
Cc1nn(-c2cccc(-c3cncc(O)c3)n2)c2c(NC(C)C)nc3c(-c4ccoc4)n(C)nc3c12,c1c(*)cncc1O|o1ccc(*)c1,c1ccc([*])nc1-n1nc(C)c2c3nn(C)c([*])c3nc(NC(C)C)c12,27.22083854675293
O=C(CNCCc1ccoc1)N1CCCC1CNS(=O)(=O)c1ccc(-c2cncc(O)c2)s1,c1c(*)cncc1O|o1ccc(*)c1,C(C(=O)N1CCCC1CNS(c1ccc([*])s1)(=O)=O)NCC[*],24.091650009155273
Oc1cncc(-c2noc(CN3CCN(c4ccoc4)CC3)n2)c1,c1c(*)cncc1O|o1ccc(*)c1,[*]c1noc(CN2CCN([*])CC2)n1,11.23184585571289
Cc1c2c(N)nc(-c3ccoc3)nc2nn1CCC1(C)CCC(C(=O)NCCc2cncc(O)c2)CC1,c1c(*)cncc1O|o1ccc(*)c1,C1C(C(=O)NCC[*])CCC(CCn2c(C)c3c(nc([*])nc3N)n2)(C)C1,26.886703491210938
Oc1cncc(CC2CCC3C2CCN3CCc2ccoc2)c1,c1c(*)cncc1O|o1ccc(*)c1,[*]CC1CCC2N(CC[*])CCC12,12.58266544342041
Cn1c(-c2ccoc2)nc2nc(NCCCc3cncc(O)c3)nc(N)c21,c1c(*)cncc1O|o1ccc(*)c1,C(C[*])CNc1nc(N)c2c(n1)nc([*])n2C,17.9569034576416
CN1C(=O)C2c3ccc(-c4cncc(O)c4)cc3CCC3(C(=O)Nc4ccc(-c5ccoc5)cc4)CCN2CCC1C3,c1c(*)cncc1O|o1ccc(*)c1,c1(NC(=O)C23CC(N(C)C(=O)C4c5ccc([*])cc5CC3)CCN4CC2)ccc([*])cc1,29.30971908569336
O=C(C1CCC2CCN(CCc3ccoc3)CC21)N1CCN(c2cncc(O)c2)CC1,c1c(*)cncc1O|o1ccc(*)c1,C1CN([*])CCN1C(C1C2CN(CC[*])CCC2CC1)=O,22.918033599853516
CCn1c(=O)c(-c2cncc(O)c2)cc2c(CNC(=O)CCCc3ccoc3)cc(F)cc21,c1c(*)cncc1O|o1ccc(*)c1,c12n(CC)c(=O)c([*])cc1c(CNC(CCC[*])=O)cc(F)c2,29.62750816345215
O=C(Cc1ccoc1)N1CC2CCN(CCCCc3cncc(O)c3)CC2C1,c1c(*)cncc1O|o1ccc(*)c1,C1CC2C(CN1CCCC[*])CN(C(=O)C[*])C2,16.65781021118164
O=C(CN1CCC(C(=O)Nc2ccc(-c3ccoc3)cc2)CC1)NCCc1cncc(O)c1,c1c(*)cncc1O|o1ccc(*)c1,[*]CCNC(=O)CN1CCC(C(=O)Nc2ccc([*])cc2)CC1,19.136474609375
Oc1cncc(-c2nccc(-c3n[nH]c4nc(-c5ccoc5)ccc34)n2)c1,c1c(*)cncc1O|o1ccc(*)c1,c1(-c2nc([*])ncc2)n[nH]c2nc([*])ccc12,16.35284996032715
CC1(C)CC(n2cc(-c3ccoc3)nn2)CC(=O)C1c1cncc(O)c1,c1c(*)cncc1O|o1ccc(*)c1,C1(C)(C)C([*])C(=O)CC(n2cc([*])nn2)C1,13.130012512207031
Nc1nc(-c2cccc(C(=O)NCCc3cncc(O)c3)c2)nc2sc(-c3ccoc3)cc12,c1c(*)cncc1O|o1ccc(*)c1,c1(N)nc(-c2cccc(C(=O)NCC[*])c2)nc2sc([*])cc12,22.170211791992188
CC(C(=O)C1CCCN1C(=O)C1CC12CCN(CCc1ccoc1)CC2)c1cncc(O)c1,c1c(*)cncc1O|o1ccc(*)c1,C1(C(=O)N2CCCC2C(=O)C([*])C)CC12CCN(CC[*])CC2,26.759675979614258
O=c1ccc2c(-c3ccoc3)cc3nccc-3cc2n1-c1ccc(-c2cncc(O)c2)c(C(F)(F)F)c1,c1c(*)cncc1O|o1ccc(*)c1,c1c2cc3n(-c4ccc([*])c(C(F)(F)F)c4)c(=O)ccc3c([*])cc2nc1,25.30157470703125
CC(C)C(CCc1cc(O)n2nc(-c3ccoc3)nc2n1)N1CC(c2cncc(O)c2)C1,c1c(*)cncc1O|o1ccc(*)c1,C(N1CC([*])C1)(CCc1nc2n(c(O)c1)nc([*])n2)C(C)C,27.81731414794922
O=C1NC2(CCN(CCc3ccoc3)CC2)C(=O)N1CC(O)Cc1cncc(O)c1,c1c(*)cncc1O|o1ccc(*)c1,C1(=O)C2(NC(=O)N1CC(O)C[*])CCN(CC[*])CC2,18.464641571044922
O=C(c1cccc(-c2ccnc(-c3ccoc3)n2)c1)N1CC(c2cncc(O)c2)C1,c1c(*)cncc1O|o1ccc(*)c1,c1ccc(C(N2CC([*])C2)=O)cc1-c1nc([*])ncc1,20.427452087402344
Oc1cncc(C2CNCC(CN3CCN(CCc4cc(Cl)ccc4-c4ccoc4)CC3)C2)c1,c1c(*)cncc1O|o1ccc(*)c1,C(C1CNCC([*])C1)N1CCN(CCc2cc(Cl)ccc2[*])CC1,27.9229793548584
O=C(Cc1cncc(O)c1)NN=C1CCc2ccccc2N(CC(c2ccccc2)c2ccc(-c3ccoc3)cn2)C1=O,c1c(*)cncc1O|o1ccc(*)c1,c1(C(CN2C(=O)C(=NNC(=O)C[*])CCc3ccccc32)c2ncc([*])cc2)ccccc1,24.43841552734375
Cc1cc(-c2ccoc2)nc2ccc(NC(=O)C3CCCN3c3cncc(O)c3)cc12,c1c(*)cncc1O|o1ccc(*)c1,c1c(NC(=O)C2CCCN2[*])cc2c(c1)nc([*])cc2C,15.93812370300293
CC(C)c1cc(NC(=O)C2CCN(c3cncc(O)c3)CC2)nn1Cc1ccoc1,c1c(*)cncc1O|o1ccc(*)c1,n1c(NC(C2CCN([*])CC2)=O)cc(C(C)C)n1C[*],13.617835998535156
NC(CCN1CCC2(CC1)C(=O)NC(c1ccccc1)N2c1ccc(-c2ccoc2)cc1)Cc1cncc(O)c1,c1c(*)cncc1O|o1ccc(*)c1,N1C(=O)C2(CCN(CCC(C[*])N)CC2)N(c2ccc([*])cc2)C1c1ccccc1,24.69361114501953
O=C(N1CC2CC(Nc3cccc(-c4ccoc4)c3)C2C1)C1(c2cncc(O)c2)CCC1,c1c(*)cncc1O|o1ccc(*)c1,N(C1C2CN(C(=O)C3([*])CCC3)CC2C1)c1cc([*])ccc1,26.597753524780273
CC(N)c1nc(C2CCN(C(=O)Cc3ccoc3)CC2)cc2nc(-c3cncc(O)c3)nn12,c1c(*)cncc1O|o1ccc(*)c1,[*]c1nc2n(n1)c(C(C)N)nc(C1CCN(C(=O)C[*])CC1)c2,26.054157257080078
Oc1cncc(N2CCC3(CCC3)OC(CNCCc3ccoc3)C2)c1,c1c(*)cncc1O|o1ccc(*)c1,C1N([*])CCC2(OC1CNCC[*])CCC2,18.098066329956055
O=C(CCc1ccc(-c2ccoc2)cc1)N1CCCC(c2cncc(O)c2)C1,c1c(*)cncc1O|o1ccc(*)c1,C1C([*])CN(C(CCc2ccc([*])cc2)=O)CC1,13.146157264709473
CC(NCCCc1ccoc1)C(=O)N1CC(O)C(Cc2cncc(O)c2)C1c1cccc(Cl)c1,c1c(*)cncc1O|o1ccc(*)c1,N(C(C)C(=O)N1CC(O)C(C[*])C1c1cccc(Cl)c1)CCC[*],25.312894821166992
CC(c1cc2nc(-c3ccoc3)nn2c(N)n1)N1CCC(O)(Cc2cncc(O)c2)CC1,c1c(*)cncc1O|o1ccc(*)c1,c1(C(C)N2CCC(O)(C[*])CC2)nc(N)n2nc([*])nc2c1,17.784732818603516
Nc1ncc(-c2cncc(O)c2)c2c1ncn2CCCc1ccoc1,c1c(*)cncc1O|o1ccc(*)c1,[*]c1cnc(N)c2c1n(CCC[*])cn2,13.552213668823242
CCCCC1CC(C(=O)Nc2ccc(-c3ccoc3)cn2)CN1CCc1cncc(O)c1,c1c(*)cncc1O|o1ccc(*)c1,c1(NC(C2CN(CC[*])C(CCCC)C2)=O)ccc([*])cn1,23.14995002746582
O=C(CCc1nnc2ccc(-c3ccoc3)nn12)N1CCN(c2cncc(O)c2)CC1,c1c(*)cncc1O|o1ccc(*)c1,n12c(nnc1CCC(=O)N1CCN([*])CC1)ccc([*])n2,12.882403373718262
CCC1CC(N2CCC(C(=O)O)(c3cncc(O)c3)CC2)CCN1c1nc(NC(CO)Cc2ccoc2)nc2c1cnn2C,c1c(*)cncc1O|o1ccc(*)c1,C1CC([*])(C(=O)O)CCN1C1CCN(c2c3c(n(C)nc3)nc(NC(C[*])CO)n2)C(CC)C1,39.38539505004883
Cc1c(C(C)NCCc2cncc(O)c2)cnc2cc(-c3ccoc3)nn12,c1c(*)cncc1O|o1ccc(*)c1,C(C[*])NC(c1cnc2n(nc([*])c2)c1C)C,18.40703582763672
CC1CN(CCCNC(=O)c2cc(Cc3ccoc3)nc3cccnc23)CCC1(C)c1cncc(O)c1,c1c(*)cncc1O|o1ccc(*)c1,N(CCCN1CC(C)C([*])(C)CC1)C(c1cc(C[*])nc2cccnc21)=O,30.35596466064453
CC(C)n1c(-c2ccoc2)nc2nc(NC3CCC(c4cncc(O)c4)CC3)nc(N)c21,c1c(*)cncc1O|o1ccc(*)c1,c1(N)c2c(nc(NC3CCC([*])CC3)n1)nc([*])n2C(C)C,16.919706344604492
Oc1cncc(CCNc2ncc3nnn(Cc4ccoc4)c3n2)c1,c1c(*)cncc1O|o1ccc(*)c1,n1c2cnc(NCC[*])nc2n(C[*])n1,14.590100288391113
Oc1cncc(C2CCN(CCCCN3CCCC(Cc4ccoc4)C3)C2)c1,c1c(*)cncc1O|o1ccc(*)c1,C(CCCN1CC([*])CC1)N1CC(C[*])CCC1,16.45711326599121
CN(CCc1ccoc1)C1CCN(CCC(c2cccc(Br)c2)c2cc(-c3cncc(O)c3)ccc2O)CC1,c1c(*)cncc1O|o1ccc(*)c1,c1c([*])cc(C(CCN2CCC(N(C)CC[*])CC2)c2cccc(Br)c2)c(O)c1,32.27585220336914
N#CC1(c2cncc(O)c2)CCN(Cc2c(-c3ccccc3)cnc3ccc(-c4ccoc4)nc23)CC1,c1c(*)cncc1O|o1ccc(*)c1,c1(CN2CCC([*])(C#N)CC2)c2c(ccc([*])n2)ncc1-c1ccccc1,23.79996109008789
CC1(C)CC(c2cncc(O)c2)CCN1CCNC(=O)C1CN(C(=O)CCc2ccoc2)CC2CCCCC21,c1c(*)cncc1O|o1ccc(*)c1,C(N1C(C)(C)CC([*])CC1)CNC(=O)C1C2C(CN(C(CC[*])=O)C1)CCCC2,33.01658630371094
N#CCC1(n2cc(C(N)=O)c(Nc3cncc(O)c3)n2)CCN(c2ccoc2)CC1,c1c(*)cncc1O|o1ccc(*)c1,N#CCC1(n2nc(N[*])c(C(N)=O)c2)CCN([*])CC1,13.099130630493164
O=C1c2cnc(N3CCN(c4cncc(O)c4)CC3)nc2CN1CCc1ccoc1,c1c(*)cncc1O|o1ccc(*)c1,C1CN([*])CCN1c1nc2c(cn1)C(=O)N(CC[*])C2,14.864029884338379
Oc1cncc(N2CCCN(Cc3ccnc(-c4ccoc4)n3)CC2)c1,c1c(*)cncc1O|o1ccc(*)c1,N1([*])CCN(Cc2nc([*])ncc2)CCC1,13.393715858459473
O=C(c1cc(-c2ccoc2)c2ccc(=O)[nH]c2c1)N1CCC(CNCCc2cncc(O)c2)CC1,c1c(*)cncc1O|o1ccc(*)c1,C1(CNCC[*])CCN(C(c2cc3[nH]c(=O)ccc3c([*])c2)=O)CC1,21.491853713989258
Oc1cncc(-c2cnc3ccc(-c4cnc5ccc(-c6ccoc6)nn45)nc3c2)c1,c1c(*)cncc1O|o1ccc(*)c1,c1c([*])cc2nc(-c3cnc4n3nc([*])cc4)ccc2n1,22.755817413330078
Nc1nc2cnc(NCc3ccccc3-c3cncc(O)c3)nc2n1CCc1ccoc1,c1c(*)cncc1O|o1ccc(*)c1,n1c(NCc2ccccc2[*])nc2n(CC[*])c(N)nc2c1,22.03266143798828
Oc1cncc(-c2ccnc(-c3cn(Cc4ccoc4)cn3)c2)c1,c1c(*)cncc1O|o1ccc(*)c1,n1c(-c2nccc([*])c2)cn(C[*])c1,12.885170936584473
CCCC1CC(C(=O)N2CCN(CCc3cncc(O)c3)Cc3ccccc3C2)N1Cc1ccc(-c2ccoc2)cc1,c1c(*)cncc1O|o1ccc(*)c1,C(C[*])N1CCN(C(=O)C2N(Cc3ccc([*])cc3)C(CCC)C2)Cc2c(cccc2)C1,25.575374603271484
Nc1nc2c(ncn2CCc2cncc(O)c2)c2nc(-c3ccoc3)nn12,c1c(*)cncc1O|o1ccc(*)c1,n1c2n(CC[*])cnc2c2nc([*])nn2c1N,10.976189613342285
O=C(c1cccc(-n2nc(-c3ccoc3)c3cccnc32)c1)N1CCC(c2cncc(O)c2)C(O)C1,c1c(*)cncc1O|o1ccc(*)c1,C(N1CC(O)C([*])CC1)(c1cccc(-n2nc([*])c3c2nccc3)c1)=O,32.153717041015625
CC(C)CNc1c(C(C)C)nc(Cc2ccoc2)c2ccn(Cc3cncc(O)c3)c12,c1c(*)cncc1O|o1ccc(*)c1,n1c(C(C)C)c(NCC(C)C)c2n(C[*])ccc2c1C[*],28.455495834350586
Nc1nc(N)c(Cc2ccoc2)c(OCC2CC2c2cncc(O)c2)n1,c1c(*)cncc1O|o1ccc(*)c1,C(C1C([*])C1)Oc1nc(N)nc(N)c1C[*],15.669012069702148
Oc1cncc(C2CCCCN2Cc2nc(-c3ccoc3)no2)c1,c1c(*)cncc1O|o1ccc(*)c1,C1([*])CCCCN1Cc1nc([*])no1,10.420105934143066
O=C(NC1CCC(c2cncc(O)c2)CC1)c1ccc(-c2ccoc2)cc1,c1c(*)cncc1O|o1ccc(*)c1,[*]C1CCC(NC(c2ccc([*])cc2)=O)CC1,11.351786613464355
Nc1nc2c(c3nc(-c4ccoc4)cn13)=CC=2C(=O)N1CCCC(C(=O)N2CCC(c3cncc(O)c3)CC2)CC1,c1c(*)cncc1O|o1ccc(*)c1,c1(C(N2CCCC(C(=O)N3CCC([*])CC3)CC2)=O)c2nc(N)n3c(c2c1)nc([*])c3,25.003490447998047
O=C(CCc1cncc(O)c1)Nc1cc(Oc2nc(NCCc3ccoc3)nc3ccccc23)ccn1,c1c(*)cncc1O|o1ccc(*)c1,n1c(NC(=O)CC[*])cc(Oc2nc(NCC[*])nc3ccccc23)cc1,29.30308723449707
O=C(Nc1ccc(-c2ccoc2)cc1)C1CCN(C(Cc2cncc(O)c2)C(=O)O)CC1,c1c(*)cncc1O|o1ccc(*)c1,[*]CC(C(=O)O)N1CCC(C(Nc2ccc([*])cc2)=O)CC1,20.498842239379883
CC(=O)N1CC(NC(CC(N)CN)S(=O)(=O)N2CCCC(Cc3ccoc3)C2)C(c2cncc(O)c2)C(C)(C)C1,c1c(*)cncc1O|o1ccc(*)c1,CC1(C)C([*])C(NC(CC(N)CN)S(N2CC(C[*])CCC2)(=O)=O)CN(C(C)=O)C1,32.4587287902832
O=C(c1nnc(-c2ccoc2)o1)N(CCC1CC1)Cc1cc(Cl)cc(-c2cncc(O)c2)c1,c1c(*)cncc1O|o1ccc(*)c1,O=C(N(CCC1CC1)Cc1cc([*])cc(Cl)c1)c1nnc([*])o1,21.065290451049805
Nc1nc(-c2ccoc2)c2scc(C(=O)NCC3CCN(c4cncc(O)c4)CC3)c2n1,c1c(*)cncc1O|o1ccc(*)c1,C(C1CCN([*])CC1)NC(=O)c1c2nc(N)nc([*])c2sc1,16.08544921875
O=C(Cn1nnc(-c2cncc(O)c2)n1)N(CCCc1ccoc1)Cc1cocn1,c1c(*)cncc1O|o1ccc(*)c1,c1c(CN(C(=O)Cn2nc([*])nn2)CCC[*])nco1,22.65255355834961
Nc1cc(NC2CCC(c3cncc(O)c3)CC2)nc2c(-c3ccoc3)cnn12,c1c(*)cncc1O|o1ccc(*)c1,C1CC([*])CCC1Nc1cc(N)n2ncc([*])c2n1,14.611048698425293
Cc1cc(NCC(F)(F)c2cncc(O)c2)nc(NCc2cc(-c3ccoc3)n[nH]2)n1,c1c(*)cncc1O|o1ccc(*)c1,n1c(C)cc(NCC(F)([*])F)nc1NCc1[nH]nc([*])c1,23.431150436401367
CN(C)CCOc1cc(NC(=O)NC2CCCC(c3cncc(O)c3)C2)nc2c(-c3ccoc3)cccc12,c1c(*)cncc1O|o1ccc(*)c1,C1([*])CC(NC(=O)Nc2nc3c(cccc3[*])c(OCCN(C)C)c2)CCC1,28.62164878845215
Nc1c(-c2ccoc2)nc2c3cnn(Cc4cncc(O)c4)c3nnn12,c1c(*)cncc1O|o1ccc(*)c1,Nc1n2c(c3c(nn2)n(C[*])nc3)nc1[*],16.46261978149414
Cc1noc(-c2ccoc2)c1C(=O)N1CCC(c2cncc(O)c2)CC1,c1c(*)cncc1O|o1ccc(*)c1,o1nc(C)c(C(=O)N2CCC([*])CC2)c1[*],14.27212142944336
O=C1N(Cc2cn(Cc3ccoc3)nn2)CCS(=O)(=O)N1Cc1ccc(-c2cncc(O)c2)cc1,c1c(*)cncc1O|o1ccc(*)c1,c1c([*])ccc(CN2S(=O)(=O)CCN(Cc3cn(C[*])nn3)C2=O)c1,14.454878807067871
CC(=O)C1C(C(=O)NC(Cc2cncc(O)c2)C(=O)O)c2cnccc2CN1C(=O)CCc1ccoc1,c1c(*)cncc1O|o1ccc(*)c1,c12c(cncc1)C(C(NC(C(O)=O)C[*])=O)C(C(=O)C)N(C(CC[*])=O)C2,27.573123931884766
NC(CC(=O)N(Cc1cccc(-c2ccoc2)c1)C1CC1)Cc1cncc(O)c1,c1c(*)cncc1O|o1ccc(*)c1,C1C(N(C(=O)CC(N)C[*])Cc2cccc([*])c2)C1,21.501983642578125
Nc1nc(-c2ccoc2)nc2c1ncn2CC(=O)N1CCC(c2cncc(O)c2)CC1,c1c(*)cncc1O|o1ccc(*)c1,n1c2n(CC(N3CCC([*])CC3)=O)cnc2c(N)nc1[*],12.87570571899414
Cc1nc(NC(C)c2cc(-c3cncc(O)c3)no2)cc(-c2ccoc2)n1,c1c(*)cncc1O|o1ccc(*)c1,c1(C)nc(NC(C)c2cc([*])no2)cc([*])n1,16.760988235473633
O=S(=O)(NCCCN1CCC(c2cncc(O)c2)CC1)c1cccc(-c2ccoc2)c1,c1c(*)cncc1O|o1ccc(*)c1,C1CC([*])CCN1CCCNS(c1cc([*])ccc1)(=O)=O,15.979209899902344
O=C(Nc1cc2c(nnn2Cc2ccoc2)c2cccc-2n1)NC1CCCC(Cc2cncc(O)c2)C1,c1c(*)cncc1O|o1ccc(*)c1,C1C(C[*])CCCC1NC(Nc1nc2c(c3nnn(C[*])c3c1)ccc2)=O,29.790145874023438
Oc1cncc(-c2cncc(CNCCN3CCC(Cc4ccoc4)CC3)c2)c1,c1c(*)cncc1O|o1ccc(*)c1,C(CNCc1cncc([*])c1)N1CCC(C[*])CC1,17.899633407592773
Nc1cc(C(=O)NCC2(c3cncc(O)c3)CCC2)nc2nc(-c3ccoc3)cnc12,c1c(*)cncc1O|o1ccc(*)c1,C(NCC1([*])CCC1)(=O)c1cc(N)c2ncc([*])nc2n1,22.983341217041016
O=C(CCc1ccoc1)N1CCc2nnn(CCc3cncc(O)c3)c2C1,c1c(*)cncc1O|o1ccc(*)c1,C1c2nnn(CC[*])c2CN(C(=O)CC[*])C1,15.85657024383545
O=C1CCC(O)CN1CC(c1ccc(-c2ccoc2)c(Cl)c1)N1CCC(c2cncc(O)c2)CC1,c1c(*)cncc1O|o1ccc(*)c1,C1(=O)N(CC(N2CCC([*])CC2)c2ccc([*])c(Cl)c2)CC(O)CC1,25.883729934692383
CC(=O)NC1CCC(c2cncc(O)c2)CC1C(=O)N1CCC(c2ccoc2)CC1,c1c(*)cncc1O|o1ccc(*)c1,N(C1CCC([*])CC1C(N1CCC([*])CC1)=O)C(C)=O,20.335899353027344
Oc1cncc(C2(CNC=CCN3CC4CN(CCCc5ccoc5)CC4C3)CCCCC2)c1,c1c(*)cncc1O|o1ccc(*)c1,C(=CNCC1([*])CCCCC1)CN1CC2CN(CCC[*])CC2C1,32.70198440551758
Oc1cncc(CCCNc2nc(NCCc3ccoc3)nc(C3CC3)n2)c1,c1c(*)cncc1O|o1ccc(*)c1,n1c(C2CC2)nc(NCCC[*])nc1NCC[*],13.505733489990234
O=C(NC1CCN(c2cncc(O)c2)C1)c1ccc(-c2ccoc2)cn1,c1c(*)cncc1O|o1ccc(*)c1,N1([*])CC(NC(c2ncc([*])cc2)=O)CC1,14.22048282623291
CCc1nc2c(-c3ccoc3)ncnn2c1C(=O)Nc1ccccc1-c1cncc(O)c1,c1c(*)cncc1O|o1ccc(*)c1,n1n2c(C(Nc3ccccc3[*])=O)c(CC)nc2c([*])nc1,18.387863159179688
O=C(Cc1cncc(O)c1)NCC1CCCCC1c1nc(O)c2nnn(Cc3ccoc3)c2n1,c1c(*)cncc1O|o1ccc(*)c1,C1(CNC(C[*])=O)CCCCC1c1nc(O)c2nnn(C[*])c2n1,22.039644241333008
O=C(NCCCCc1cncc(O)c1)c1ccc2nc(-c3ccoc3)cn2c1,c1c(*)cncc1O|o1ccc(*)c1,c12ccc(C(=O)NCCCC[*])cn1cc([*])n2,19.486019134521484
CC(C)(O)c1cc(CN2CCC(c3cncc(O)c3)CC2)c2nc(-c3ccoc3)nc(N)c2c1,c1c(*)cncc1O|o1ccc(*)c1,C(N1CCC([*])CC1)c1c2nc([*])nc(N)c2cc(C(O)(C)C)c1,21.88195037841797
O=C(O)CC(Cc1cncc(O)c1)NCc1cnc(-c2ccoc2)n1Cc1ccccc1,c1c(*)cncc1O|o1ccc(*)c1,[*]CC(CC(=O)O)NCc1cnc([*])n1Cc1ccccc1,24.862947463989258
O=C(CCc1ccoc1)Nc1ccc(C(=O)C2CCN(c3cncc(O)c3)CC2)nc1,c1c(*)cncc1O|o1ccc(*)c1,c1c(C(C3CCN([*])CC3)=O)ncc(NC(=O)CC[*])c1,24.997495651245117
CC(C)C(NC(=O)Cc1cncc(O)c1)c1nc(-c2cccc(-c3ccoc3)c2)c2ccccc2n1,c1c(*)cncc1O|o1ccc(*)c1,c1(-c2nc(C(C(C)C)NC(C[*])=O)nc3ccccc23)cc([*])ccc1,22.609708786010742
Oc1cncc(C2CNCCC2COc2cc3oc(-c4ccoc4)nc3cn2)c1,c1c(*)cncc1O|o1ccc(*)c1,n1c2c(cc(OCC3C([*])CNCC3)nc2)oc1[*],18.767681121826172
CC(NCCN1CCC(c2ccoc2)CC1)C(=O)Nc1ccnc(-c2cncc(O)c2)c1,c1c(*)cncc1O|o1ccc(*)c1,C(NC(C)C(Nc1cc([*])ncc1)=O)CN1CCC([*])CC1,18.470457077026367
CC(N)(Cn1cnc2c(N)nc(N3CCc4ccc(-c5ccoc5)nc4C3)nc21)C1CCN(c2cncc(O)c2)C1,c1c(*)cncc1O|o1ccc(*)c1,CC(N)(C1CN([*])CC1)Cn1c2c(nc1)c(N)nc(N1CCc3ccc([*])nc3C1)n2,40.67442321777344
CCC1N(c2cncc(O)c2)C(C)COC12CCN(C(=O)CCc1ccoc1)CC2,c1c(*)cncc1O|o1ccc(*)c1,C(C1N([*])C(C)COC12CCN(C(CC[*])=O)CC2)C,21.103391647338867
O=C(NC1CCN(c2cncc(O)c2)CC1)c1ccc2c(c1)CC(c1ccoc1)CCC2,c1c(*)cncc1O|o1ccc(*)c1,c1cc2c(cc1C(NC1CCN([*])CC1)=O)CC([*])CCC2,20.636510848999023
NC(CCN1C(=O)C(CO)C(Nc2ccc(-c3ccoc3)cc2)C1=O)Cc1cncc(O)c1,c1c(*)cncc1O|o1ccc(*)c1,N1(CCC(C[*])N)C(=O)C(Nc2ccc([*])cc2)C(CO)C1=O,26.925018310546875
CCn1c(SCCC2CCN(C(=O)Cc3cncc(O)c3)C2)nnc1-c1ccoc1,c1c(*)cncc1O|o1ccc(*)c1,C(CC1CN(C(C[*])=O)CC1)Sc1nnc([*])n1CC,23.18309783935547
O=C(Cc1cncc(O)c1)N1CCCCC1c1nnc(-c2ccoc2)o1,c1c(*)cncc1O|o1ccc(*)c1,[*]CC(=O)N1C(c2nnc([*])o2)CCCC1,13.98001480102539
O=C(c1c(-c2cncc(O)c2)[nH]c2c1CCN(CCCc1ccoc1)C2)C1CC1,c1c(*)cncc1O|o1ccc(*)c1,[nH]1c2c(c(C(C3CC3)=O)c1[*])CCN(CCC[*])C2,23.231281280517578
Nc1c(C(=O)NCC2CCN(c3cncc(O)c3)CC2)nc(NCCc2ccoc2)n2nccc12,c1c(*)cncc1O|o1ccc(*)c1,c1(C(NCC2CCN([*])CC2)=O)c(N)c2ccnn2c(NCC[*])n1,27.390411376953125
CN(CCCc1cncc(O)c1)C1c2cc(-c3ccoc3)nn2CCN1C(=O)CCC1CCCNC1,c1c(*)cncc1O|o1ccc(*)c1,C(C[*])CN(C1c2n(nc([*])c2)CCN1C(CCC1CNCCC1)=O)C,31.187891006469727
NC(Cc1cccc(-c2ccoc2)c1)C(=O)N1CCC(NC(=O)C2CCN2C(=O)Cc2cncc(O)c2)CC1,c1c(*)cncc1O|o1ccc(*)c1,c1cc(CC(C(=O)N2CCC(NC(=O)C3N(C(=O)C[*])CC3)CC2)N)cc([*])c1,31.705074310302734
CNC(=O)c1c(C2CC2c2cncc(O)c2)ccn(Cc2ccoc2)c1=O,c1c(*)cncc1O|o1ccc(*)c1,C1C([*])C1c1ccn(C[*])c(=O)c1C(NC)=O,22.323963165283203
CCC12CN(C(Cc3cncc(O)c3)C(C)(C)C)C(=O)C1CCC2NC(=O)c1ccc(-c2ccoc2)cc1,c1c(*)cncc1O|o1ccc(*)c1,C(C(C[*])N1C(=O)C2CCC(NC(c3ccc([*])cc3)=O)C2(CC)C1)(C)(C)C,32.721858978271484
O=C(NCCC1CCN(c2cncc(O)c2)CC1)c1ccc(-c2ccoc2)cc1,c1c(*)cncc1O|o1ccc(*)c1,C(=O)(NCCC1CCN([*])CC1)c1ccc([*])cc1,14.504176139831543
CC(C)(C)c1cn2c(CCN3CCN(c4cncc(O)c4)CC3)nc(NCCc3ccoc3)c2cn1,c1c(*)cncc1O|o1ccc(*)c1,N(c1nc(CCN2CCN([*])CC2)n2cc(C(C)(C)C)ncc12)CC[*],25.784988403320312
O=C(NCC1CC1c1cncc(O)c1)C1CCCN1CCc1ccoc1,c1c(*)cncc1O|o1ccc(*)c1,[*]C1CC1CNC(=O)C1N(CC[*])CCC1,17.191631317138672
CCCN1CC2CN(CC2NC(C)c2ccc(-c3ccoc3)nc2)C(CNC(=O)Cc2cncc(O)c2)C1,c1c(*)cncc1O|o1ccc(*)c1,C1(CNC(C[*])=O)N2CC(C(NC(c3cnc([*])cc3)C)C2)CN(CCC)C1,34.62177658081055
CC(C)C(NC(CN1CC(=O)OCC1Cc1ccoc1)c1cccc(Cl)c1)C(=O)NC1CCN(CCc2cncc(O)c2)C1=O,c1c(*)cncc1O|o1ccc(*)c1,N(C(C(C)C)C(=O)NC1CCN(CC[*])C1=O)C(CN1C(C[*])COC(=O)C1)c1cc(Cl)ccc1,37.195255279541016
O=C(O)c1sc(-c2ccc(-c3ccoc3)cc2)nc1NCCc1cncc(O)c1,c1c(*)cncc1O|o1ccc(*)c1,c1c(-c2nc(NCC[*])c(C(=O)O)s2)ccc([*])c1,16.33558464050293
CC(C)C(C)c1nc(N2CCN(c3cncc(O)c3)CC2C)n2nc(-c3ccoc3)cc2n1,c1c(*)cncc1O|o1ccc(*)c1,c12nc(C(C)C(C)C)nc(N3C(C)CN([*])CC3)n1nc([*])c2,23.13591766357422
Oc1cncc(N2CCN(CCC(O)c3ccc(-c4ccoc4)cc3)CC2)c1,c1c(*)cncc1O|o1ccc(*)c1,N1([*])CCN(CCC(c2ccc([*])cc2)O)CC1,14.65339183807373
O=C1CC2(CCCN(CCc3cncc(O)c3)C2)CN1CCc1ccoc1,c1c(*)cncc1O|o1ccc(*)c1,C([*])CN1CCCC2(C1)CN(CC[*])C(=O)C2,17.618154525756836
Nc1nc(NCCc2cncc(O)c2)nc2nc(-c3ccoc3)nn12,c1c(*)cncc1O|o1ccc(*)c1,[*]CCNc1nc(N)n2c(n1)nc([*])n2,11.692739486694336
CCCN(CC1CC(C(=O)N(CC)c2ccc(-c3ccoc3)cc2)N1)C(C)n1cc(-c2cncc(O)c2)nn1,c1c(*)cncc1O|o1ccc(*)c1,N(CC)(C(C1NC(CN(CCC)C(C)n2nnc([*])c2)C1)=O)c1ccc([*])cc1,41.74852752685547
Oc1cncc(C2CCN(Cc3ccc(-c4ccoc4)o3)C2)c1,c1c(*)cncc1O|o1ccc(*)c1,C1C([*])CN(Cc2oc([*])cc2)C1,15.174029350280762
Oc1cncc(-c2nccc(-c3c(-c4ccoc4)nn4c3CCC4)n2)c1,c1c(*)cncc1O|o1ccc(*)c1,c1(-c2nc([*])ncc2)c2n(nc1[*])CCC2,11.248976707458496
CN(CCc1cncc(O)c1)C(=O)c1cc(NC(=O)c2cc(-c3ccoc3)cn2C)cn1C,c1c(*)cncc1O|o1ccc(*)c1,[*]CCN(C(=O)c1cc(NC(=O)c2n(C)cc([*])c2)cn1C)C,16.933395385742188
Cc1nc(N)n2cc(C(=O)N3CCC(c4cncc(O)c4)CC3)cc2c1-c1ccoc1,c1c(*)cncc1O|o1ccc(*)c1,n12cc(C(=O)N3CCC([*])CC3)cc1c([*])c(C)nc2N,21.526735305786133
Oc1cncc(N2CCCC3(CCN(CCc4ccoc4)CC3)O2)c1,c1c(*)cncc1O|o1ccc(*)c1,[*]N1CCCC2(CCN(CC[*])CC2)O1,17.95280647277832
CC1c2nnc(-c3ccoc3)n2CCN1C(=O)N1CCC(c2cncc(O)c2)CC1,c1c(*)cncc1O|o1ccc(*)c1,C(=O)(N1CCC([*])CC1)N1C(C)c2n(c([*])nn2)CC1,16.671770095825195
CC(Cc1ccoc1)N1C(CCO)C(=O)N(Cc2cn(Cc3cncc(O)c3)nn2)CCS1(=O)=O,c1c(*)cncc1O|o1ccc(*)c1,C(O)CC1C(=O)N(Cc2cn(C[*])nn2)CCS(=O)(=O)N1C(C)C[*],19.09820556640625
CC(C)c1nc2c(C(=O)NCCc3cncc(O)c3)cnn2c(N)c1-c1ccoc1,c1c(*)cncc1O|o1ccc(*)c1,[*]CCNC(c1c2n(c(N)c([*])c(C(C)C)n2)nc1)=O,15.229805946350098
O=C1CC(c2cncc(O)c2)CN1CC1CC2CCC2(c2ccoc2)C1,c1c(*)cncc1O|o1ccc(*)c1,C1(=O)CC([*])CN1CC1CC2([*])CCC2C1,17.552671432495117
Oc1cncc(-c2nc(CN3CCCCC3CCc3ccoc3)cs2)c1,c1c(*)cncc1O|o1ccc(*)c1,s1c([*])nc(CN2C(CC[*])CCCC2)c1,12.095104217529297
Nc1nc(NC(=O)CN2CCC(O)(c3cncc(O)c3)C2)cn2nc(-c3ccoc3)nc12,c1c(*)cncc1O|o1ccc(*)c1,C(CN1CC([*])(O)CC1)(Nc1nc(N)c2nc([*])nn2c1)=O,19.125484466552734
Nc1nc(NCc2cccc(-c3cncc(O)c3)c2)cc2nc(-c3ccoc3)nn12,c1c(*)cncc1O|o1ccc(*)c1,c1c([*])cccc1CNc1nc(N)n2c(c1)nc([*])n2,14.409472465515137
CCN(c1c(N)nc2n1COC2Cc1ccoc1)C1CCC(c2cncc(O)c2)CC1,c1c(*)cncc1O|o1ccc(*)c1,C1CC([*])CCC1N(CC)c1n2c(nc1N)C(C[*])OC2,25.42845916748047
O=C(c1cnc(-c2ccoc2)[nH]1)C1CCCN1C(=O)Cc1cncc(O)c1,c1c(*)cncc1O|o1ccc(*)c1,n1cc(C(C2CCCN2C(C[*])=O)=O)[nH]c1[*],18.525774002075195
CC1(C)CC(NC(=O)C(N)Cc2cncc(O)c2)C(=O)N2C(C(=O)NCCc3ccoc3)C(C)(CCc3ccccc3)C21,c1c(*)cncc1O|o1ccc(*)c1,[*]CC(C(NC1C(=O)N2C(C(=O)NCC[*])C(C)(CCc3ccccc3)C2C(C)(C)C1)=O)N,31.475330352783203
Nc1nc(-c2cncc(O)c2)cn2nc(SCCc3ccoc3)nc12,c1c(*)cncc1O|o1ccc(*)c1,Nc1nc([*])cn2nc(SCC[*])nc12,15.706631660461426
CNc1nc(-n2c(F)cnc2C(C)(c2cncc(O)c2)C2CC2)cc2nc(-c3ccoc3)nn12,c1c(*)cncc1O|o1ccc(*)c1,Fc1cnc(C(C2CC2)([*])C)n1-c1nc(NC)n2c(nc([*])n2)c1,34.52415084838867
Cc1cn(CC(=O)NCC2CCN(c3cncc(O)c3)CC2)c(=O)c2nc(-c3ccoc3)nn12,c1c(*)cncc1O|o1ccc(*)c1,C(NCC1CCN([*])CC1)(Cn1c(=O)c2n(c(C)c1)nc([*])n2)=O,19.751108169555664
CC(C)N1CC2CC(c3cccc(-c4ccoc4)c3)(CC2NCCC(N)Cc2cncc(O)c2)C1=O,c1c(*)cncc1O|o1ccc(*)c1,C(C(N)C[*])CNC1CC2(c3cccc([*])c3)CC1CN(C(C)C)C2=O,31.000246047973633
Cc1cc(C(CNCCc2ccoc2)CN2CCC(c3cncc(O)c3)CC2)no1,c1c(*)cncc1O|o1ccc(*)c1,c1(C(CN2CCC([*])CC2)CNCC[*])noc(C)c1,19.25025177001953
Oc1cncc(-c2ccnc(-c3cc4ncc(-c5ccoc5)nc4[nH]3)c2)c1,c1c(*)cncc1O|o1ccc(*)c1,c1c2c([nH]c1-c1cc([*])ccn1)nc([*])cn2,16.034135818481445
CC(C)N1CC(c2cncc(O)c2)C1Cc1ccc(-c2ccoc2)cc1,c1c(*)cncc1O|o1ccc(*)c1,C1C([*])C(Cc2ccc([*])cc2)N1C(C)C,19.52765464782715
Oc1cncc(-c2noc(CN3CCCCC3CCc3ccoc3)n2)c1,c1c(*)cncc1O|o1ccc(*)c1,n1c([*])nc(CN2C(CC[*])CCCC2)o1,11.280582427978516
Cn1nnnc1C1(c2ccc(-c3cncc(O)c3)cc2)CCN(CCc2ccoc2)CC1,c1c(*)cncc1O|o1ccc(*)c1,n1nnc(C2(c3ccc([*])cc3)CCN(CC[*])CC2)n1C,22.77934455871582
O=C(NCc1nc(-c2cncc(O)c2)cs1)C1CC1c1ccoc1,c1c(*)cncc1O|o1ccc(*)c1,c1c([*])nc(CNC(C2CC2[*])=O)s1,16.801319122314453
O=C1Cc2ccccc2CN1CCCC(NC1CCN(c2cncc(O)c2)CC1)c1ccc(-c2ccoc2)cc1,c1c(*)cncc1O|o1ccc(*)c1,O=C1N(CCCC(NC2CCN([*])CC2)c2ccc([*])cc2)Cc2c(cccc2)C1,19.97996711730957
Oc1cncc(C2CCN(C(Nc3nccnc3-c3ccoc3)c3ccccc3)CC2)c1,c1c(*)cncc1O|o1ccc(*)c1,C1C([*])CCN(C(Nc2nccnc2[*])c2ccccc2)C1,19.10103416442871
Cc1cc(C)cc(C(C2CCN(CCCc3ccoc3)CC2)N(C)CC2CC2c2cncc(O)c2)c1,c1c(*)cncc1O|o1ccc(*)c1,CN(CC1CC1[*])C(C1CCN(CCC[*])CC1)c1cc(C)cc(C)c1,21.026315689086914
Cn1nccc1-c1nc(NCCc2cncc(O)c2)nc2ccc(-c3ccoc3)nc12,c1c(*)cncc1O|o1ccc(*)c1,n1(C)nccc1-c1nc(NCC[*])nc2c1nc([*])cc2,17.601734161376953
Oc1cncc(CCN2CCCC2CNCc2ccc(-c3ccoc3)cc2)c1,c1c(*)cncc1O|o1ccc(*)c1,C(C1N(CC[*])CCC1)NCc1ccc([*])cc1,16.250577926635742
Cc1ccc(Cl)c(C(CC(=O)n2cc(-c3ccoc3)nn2)NC(C)C(=O)NC2CCN(c3cncc(O)c3)C2)c1,c1c(*)cncc1O|o1ccc(*)c1,CC(C(NC1CN([*])CC1)=O)NC(CC(n1nnc([*])c1)=O)c1cc(C)ccc1Cl,37.65757369995117
Cc1ccccc1-c1nc(-c2cncc(O)c2)nn2c(N)nc(NCCc3ccoc3)c12,c1c(*)cncc1O|o1ccc(*)c1,c1(-c2ccccc2C)nc([*])nn2c(N)nc(NCC[*])c12,22.018692016601562
Nc1nc(N2CCN(c3cncc(O)c3)CC2)c2nc(-c3ccoc3)ccc2n1,c1c(*)cncc1O|o1ccc(*)c1,C1N([*])CCN(c2c3nc([*])ccc3nc(N)n2)C1,14.689531326293945
CC(CC1(Cc2cccc(-c3ccoc3)c2)CNCNC1=O)NC(O)Cc1cncc(O)c1,c1c(*)cncc1O|o1ccc(*)c1,C1NCC(CC(C)NC(O)C[*])(Cc2cccc([*])c2)C(=O)N1,29.23145866394043
CC(C)(C)C(c1ccnc(C=Cc2cncc(O)c2)c1)c1nc(-c2ccoc2)cs1,c1c(*)cncc1O|o1ccc(*)c1,C(=C[*])c1nccc(C(c2nc([*])cs2)C(C)(C)C)c1,27.900320053100586
CC(C(=O)NCCCCN1C2CCCCC1C(CCc1ccoc1)C2CO)c1cncc(O)c1,c1c(*)cncc1O|o1ccc(*)c1,OCC1C2N(CCCCNC(=O)C(C)[*])C(CCCC2)C1CC[*],36.30471420288086
CC(=O)NC(Cc1ccoc1)C(=O)N1CCCC1C(Cc1ccccc1)NC(=O)Cc1cncc(O)c1,c1c(*)cncc1O|o1ccc(*)c1,C(C[*])(NC(C1CCCN1C(C(C[*])NC(C)=O)=O)Cc1ccccc1)=O,18.301986694335938
Nc1nc(NC2C3CCCC(C3)C2c2cncc(O)c2)nc2nc(-c3ccoc3)nn12,c1c(*)cncc1O|o1ccc(*)c1,[*]C1C2CCCC(C1Nc1nc(N)n3nc([*])nc3n1)C2,20.5768985748291
NC1Cc2nc(NC(=O)NCCc3ccoc3)ncc2C(c2cncc(O)c2)C1,c1c(*)cncc1O|o1ccc(*)c1,C(CNC(=O)Nc1nc2c(cn1)C([*])CC(N)C2)[*],20.14213752746582
O=C1C(=O)n2c(nc3cnc(-c4ccoc4)cc32)N1Cc1cncc(O)c1,c1c(*)cncc1O|o1ccc(*)c1,c1(=O)n2c3c(nc2n(C[*])c1=O)cnc([*])c3,29.506715774536133
O=C(CCc1ccc(-c2ccoc2)cc1)N1CCN(c2cncc(O)c2)CC1,c1c(*)cncc1O|o1ccc(*)c1,N1([*])CCN(C(CCc2ccc([*])cc2)=O)CC1,10.166329383850098
NC(CCCc1ccoc1)c1cnc2c(-c3cncc(O)c3)nccn12,c1c(*)cncc1O|o1ccc(*)c1,C(N)(c1n2c(nc1)c([*])ncc2)CCC[*],24.104982376098633
O=C(Nc1nccc2cn3c(-c4ccoc4)cnc3cc12)C1CCCN(CCc2cncc(O)c2)C1,c1c(*)cncc1O|o1ccc(*)c1,n1c(NC(C2CN(CC[*])CCC2)=O)c2cc3ncc([*])n3cc2cc1,23.4260311126709
O=C(NCCc1cncc(O)c1)C1CCCN1C(=O)CCc1nnc(Cc2ccoc2)o1,c1c(*)cncc1O|o1ccc(*)c1,C(c1nnc(CCC(=O)N2CCCC2C(=O)NCC[*])o1)[*],20.795400619506836
CC1CC(c2cncc(O)c2)C(O)C2=C1CC(C)(C(C)O)CC2CCc1ccoc1,c1c(*)cncc1O|o1ccc(*)c1,C12=C(C(C)CC([*])C1O)CC(C)(C(O)C)CC2CC[*],30.850418090820312
CC1CCCC(NC(=O)CC2NC(=O)C(Cc3ccoc3)NC2=O)C1(C)c1cncc(O)c1,c1c(*)cncc1O|o1ccc(*)c1,CC1C(C)([*])C(NC(CC2C(=O)NC(C[*])C(=O)N2)=O)CCC1,20.907005310058594
CC1CN(C(C)CO)C(=O)c2cc(-c3ccoc3)cnc2OC1CN(C)c1cncc(O)c1,c1c(*)cncc1O|o1ccc(*)c1,N1(C(CO)C)CC(C)C(CN(C)[*])Oc2ncc([*])cc2C1=O,14.903864860534668
Nc1ccc(-c2ccoc2)cc1NC(=O)c1cccc(CN2CCN(c3cncc(O)c3)CC2)c1,c1c(*)cncc1O|o1ccc(*)c1,C1CN([*])CCN1Cc1cccc(C(Nc2cc([*])ccc2N)=O)c1,14.455562591552734
CC(C)C1c2c(cnn2-c2ccc(-c3ccoc3)cc2)CN1C(=O)Cc1cncc(O)c1,c1c(*)cncc1O|o1ccc(*)c1,c1(-n2c3c(cn2)CN(C(C[*])=O)C3C(C)C)ccc([*])cc1,23.27761459350586
O=C(CCc1ccoc1)N1CCC2(CCN(c3cncc(O)c3)C2)C1,c1c(*)cncc1O|o1ccc(*)c1,C1N([*])CC2(CN(C(CC[*])=O)CC2)C1,15.821977615356445
O=C(c1cc(-c2cncc(O)c2)nc2ccccc12)N1CCCCC1Cc1ccoc1,c1c(*)cncc1O|o1ccc(*)c1,c1cccc2nc([*])cc(C(N3C(C[*])CCCC3)=O)c12,18.279977798461914
Oc1cncc(N2CCC3(CC2)CCN(c2cccc(-c4ccoc4)c2)CC3)c1,c1c(*)cncc1O|o1ccc(*)c1,[*]N1CCC2(CC1)CCN(c1cccc([*])c1)CC2,14.659331321716309
CCCCN(Cc1cc(-c2cncc(O)c2)n[nH]1)C(=O)Nc1nc2ccc(-c3ccoc3)cc2s1,c1c(*)cncc1O|o1ccc(*)c1,C(C)CCN(Cc1cc([*])n[nH]1)C(Nc1sc2c(n1)ccc([*])c2)=O,29.371824264526367
CC(Cc1ccoc1)NC(=O)Cn1c(-c2ccccc2)nc2cc(-c3cncc(O)c3)ccc21,c1c(*)cncc1O|o1ccc(*)c1,n1c2c(ccc([*])c2)n(CC(NC(C)C[*])=O)c1-c1ccccc1,24.18316650390625
Oc1cncc(N2CCC(NC(c3ccc(F)cc3)c3ccc(-c4ccoc4)cc3)C2)c1,c1c(*)cncc1O|o1ccc(*)c1,N1([*])CC(NC(c2ccc([*])cc2)c2ccc(F)cc2)CC1,18.59324836730957
O=C(CCc1ccoc1)Cn1c2c(c3ccccc31)SCC(NCCc1cncc(O)c1)C2,c1c(*)cncc1O|o1ccc(*)c1,C(Cn1c2c(cccc2)c2c1CC(NCC[*])CS2)(CC[*])=O,31.783512115478516
CC(C)CC1CCC(CCCC2CCC(n3cc(-c4ccoc4)nn3)CN2CC(C)c2cncc(O)c2)O1,c1c(*)cncc1O|o1ccc(*)c1,C(CCC1N(CC(C)[*])CC(n2cc([*])nn2)CC1)C1OC(CC(C)C)CC1,27.58489990234375
NC(=O)CCn1c(=O)c2nc(CCCC(=O)NCCCc3cncc(O)c3)nc(NCCc3ccoc3)c2c2ccccc21,c1c(*)cncc1O|o1ccc(*)c1,C(N)(=O)CCn1c2c(cccc2)c2c(c1=O)nc(CCCC(NCCC[*])=O)nc2NCC[*],37.571044921875
O=C(NCc1ccc(-c2ccoc2)cc1)C1CC2(C1)C1=CN(Cc3cncc(O)c3)C(O)=C2N=C1,c1c(*)cncc1O|o1ccc(*)c1,n1(C[*])cc(C23CC(C(=O)NCc4ccc([*])cc4)C2)cnc3c1O,31.040464401245117
Cc1ccc2c(c1)c(CNCC(O)CN1CCN(c3cncc(O)c3)CC1)cn2Cc1ccoc1,c1c(*)cncc1O|o1ccc(*)c1,C(C(O)CN1CCN([*])CC1)NCc1c2cc(C)ccc2n(C[*])c1,24.43942642211914
Nc1nc(NCCCN2CCCC(c3cncc(O)c3)C2)nc2nc(-c3ccoc3)nn12,c1c(*)cncc1O|o1ccc(*)c1,[*]C1CCCN(CCCNc2nc(N)n3c(nc([*])n3)n2)C1,12.964632987976074
Oc1cncc(-c2cccc(NCc3cncn3Cc3ccoc3)n2)c1,c1c(*)cncc1O|o1ccc(*)c1,c1ccc([*])nc1NCc1cncn1C[*],17.011877059936523
Oc1cncc(CCNc2nc(NCCCc3ccoc3)nn3ccnc23)c1,c1c(*)cncc1O|o1ccc(*)c1,n12c(ncc1)c(NCC[*])nc(NCCC[*])n2,17.605995178222656
CC(C)(C)NC(=O)C1Nc2ccc(-c3ccoc3)cc2C1C(Cc1ccccc1)NC1(C(=O)C(N)=O)CC1c1cncc(O)c1,c1c(*)cncc1O|o1ccc(*)c1,C1(C(NC(C)(C)C)=O)C(C(NC2(C(=O)C(N)=O)CC2[*])Cc2ccccc2)c2cc([*])ccc2N1,26.51154899597168
Oc1cncc(N2CCC(Nc3nc4ccccc4c4nc(-c5ccoc5)nn34)CC2)c1,c1c(*)cncc1O|o1ccc(*)c1,N(C1CCN([*])CC1)c1nc2c(cccc2)c2n1nc([*])n2,14.754531860351562
O=C(NCCCN1CC(c2ccoc2)CC1=O)C1CCC(c2cncc(O)c2)CC1,c1c(*)cncc1O|o1ccc(*)c1,C(CCNC(C1CCC([*])CC1)=O)N1C(=O)CC([*])C1,18.746980667114258
CC1CN(C(C)CO)C(=O)c2cc(-c3cncc(O)c3)cnc2OC1CN(C)C(C)Cc1ccc(-c2ccoc2)cc1,c1c(*)cncc1O|o1ccc(*)c1,CN(CC1C(C)CN(C(C)CO)C(=O)c2c(ncc([*])c2)O1)C(Cc1ccc([*])cc1)C,14.94909954071045
CCc1cc(NCCc2ccoc2)n2cc(-c3cncc(O)c3)nc2n1,c1c(*)cncc1O|o1ccc(*)c1,C(Nc1cc(CC)nc2n1cc([*])n2)C[*],14.755152702331543
Oc1cncc(N2CCN(c3ccn4nc(-c5ccoc5)nc4n3)CC2)c1,c1c(*)cncc1O|o1ccc(*)c1,N1([*])CCN(c2nc3nc([*])nn3cc2)CC1,11.10623550415039
O=C(Nc1cccc(-c2ccoc2)c1)C1CCCN(CCCc2cncc(O)c2)C1,c1c(*)cncc1O|o1ccc(*)c1,N(C(=O)C1CN(CCC[*])CCC1)c1cc([*])ccc1,15.80874252319336
O=C(c1nnc(-c2cncc(O)c2)o1)c1cc(-c2ccoc2)nc2ccccc12,c1c(*)cncc1O|o1ccc(*)c1,c12c(C(c3nnc([*])o3)=O)cc([*])nc1cccc2,16.497129440307617
CN1C(=O)C(c2cncc(O)c2)C(=O)NCC12CCCN(CCc1ccoc1)C2,c1c(*)cncc1O|o1ccc(*)c1,C1CCC2(CNC(=O)C([*])C(=O)N2C)CN1CC[*],24.218185424804688
Oc1cncc(N2CCC(CNc3ncnc4cc(-c5ccoc5)ccc34)CC2)c1,c1c(*)cncc1O|o1ccc(*)c1,c12c(ncnc1NCC1CCN([*])CC1)cc([*])cc2,14.99056625366211
CC1CN(C(C)CO)C(=O)Cc2cc(NC(=O)CCc3ccoc3)ccc2OC1CCCCc1cncc(O)c1,c1c(*)cncc1O|o1ccc(*)c1,C(CC[*])CC1C(C)CN(C(C)CO)C(=O)Cc2cc(NC(CC[*])=O)ccc2O1,19.379291534423828
CC(C)C1C(c2ccc(-c3ccoc3)cc2)NC(=O)C(=O)N1CCCc1cncc(O)c1,c1c(*)cncc1O|o1ccc(*)c1,CC(C)C1N(CCC[*])C(=O)C(=O)NC1c1ccc([*])cc1,13.249937057495117
O=C(CN1CCC2(CCC(Cc3ccoc3)CN(Cc3ccccn3)C2)CC1)N1CCN(c2cncc(O)c2)CC1,c1c(*)cncc1O|o1ccc(*)c1,C(C1CCC2(CN(Cc3ncccc3)C1)CCN(CC(=O)N1CCN([*])CC1)CC2)[*],34.229244232177734
Cn1cc(NC(=O)C2(c3cncc(O)c3)CC2)cc1C(=O)Nc1ccc(-c2ccoc2)nc1,c1c(*)cncc1O|o1ccc(*)c1,c1c(NC(=O)C2([*])CC2)cc(C(Nc2cnc([*])cc2)=O)n1C,19.748212814331055
CCN(Cc1nnnn1Cc1ccoc1)C1CCN(c2cncc(O)c2)CC1,c1c(*)cncc1O|o1ccc(*)c1,C(C)N(C1CCN([*])CC1)Cc1n(C[*])nnn1,14.709288597106934
CC(CC1CN(C(=O)CCc2ccoc2)C(C(=O)N2CCCC2)O1)n1cc(-c2cncc(O)c2)nn1,c1c(*)cncc1O|o1ccc(*)c1,C1(CC(C)n2cc([*])nn2)CN(C(CC[*])=O)C(C(=O)N2CCCC2)O1,22.473857879638672
O=C1NCN(c2ccoc2)C12CCN(CCc1cncc(O)c1)CC2,c1c(*)cncc1O|o1ccc(*)c1,[*]CCN1CCC2(CC1)C(=O)NCN2[*],11.240933418273926
Nc1nc(-c2ccoc2)nc2c1cnn2CCCN1CCC(c2cncc(O)c2)CC1,c1c(*)cncc1O|o1ccc(*)c1,n1(CCCN2CCC([*])CC2)ncc2c(N)nc([*])nc21,15.480114936828613
NC(=O)CC1(Cc2csc(NC(=O)Cc3cncc(O)c3)n2)CCN(C(=O)CCc2ccoc2)C1,c1c(*)cncc1O|o1ccc(*)c1,O=C(N)CC1(Cc2nc(NC(C[*])=O)sc2)CCN(C(CC[*])=O)C1,25.103355407714844
Cc1ccc(-c2cncc(O)c2)cc1Nc1ncc(C(=O)N2CCOCC2)c2nc(-c3ccoc3)ncc12,c1c(*)cncc1O|o1ccc(*)c1,c1(Nc2c(C)ccc([*])c2)ncc(C(N2CCOCC2)=O)c2nc([*])ncc12,29.839771270751953
COc1cc(C(=O)NC2CC(c3cncc(O)c3)C2)ccc1-c1ccoc1,c1c(*)cncc1O|o1ccc(*)c1,O(C)c1cc(C(NC2CC([*])C2)=O)ccc1[*],17.09606170654297
CC(C)C(c1cc2nc(-c3ccoc3)nn2c(N)n1)N1CCC(c2cncc(O)c2)CC1,c1c(*)cncc1O|o1ccc(*)c1,c1(C(C(C)C)N2CCC([*])CC2)nc(N)n2c(nc([*])n2)c1,14.974166870117188
O=C(c1ccc(-c2ccoc2)cc1)N1CCn2c(nnc2-c2cncc(O)c2)C1,c1c(*)cncc1O|o1ccc(*)c1,n12c(nnc1[*])CN(C(=O)c1ccc([*])cc1)CC2,15.7232027053833
O=C(Cc1cncc(O)c1)Nc1nc2c3cc(-c4ccoc4)nc-3cccn2n1,c1c(*)cncc1O|o1ccc(*)c1,n12nc(NC(C[*])=O)nc1c1c(nc([*])c1)ccc2,17.925519943237305
O=C(Cn1c(=O)cc(S(=O)(=O)NCCc2ccoc2)c2ccccc21)N1CCN(c2cncc(O)c2)CC1,c1c(*)cncc1O|o1ccc(*)c1,O=c1n(CC(N2CCN([*])CC2)=O)c2c(c(S(NCC[*])(=O)=O)c1)cccc2,19.537742614746094
Nc1nc(-c2cncc(O)c2)nn2c1nc1c2cnn1CCc1ccoc1,c1c(*)cncc1O|o1ccc(*)c1,[*]c1nn2c(c(N)n1)nc1c2cnn1CC[*],15.62172794342041
CC(C)CN(C)c1nc(NCC(=O)NC2CCN(c3cncc(O)c3)CC2)nc2nc(-c3ccoc3)cnc12,c1c(*)cncc1O|o1ccc(*)c1,n1c(NCC(NC2CCN([*])CC2)=O)nc2nc([*])cnc2c1N(C)CC(C)C,24.326828002929688
O=c1c2c(-c3ccoc3)ncc(C(F)(F)F)c2ncn1CCC1CCCN(CCc2cncc(O)c2)C1,c1c(*)cncc1O|o1ccc(*)c1,C1CCN(CC[*])CC1CCn1c(=O)c2c(nc1)c(C(F)(F)F)cnc2[*],28.016799926757812
CC(Cc1cncc(O)c1)N1CCCC(CCn2cc(-c3ccoc3)nn2)C1,c1c(*)cncc1O|o1ccc(*)c1,C(C)(C[*])N1CC(CCn2cc([*])nn2)CCC1,16.94585418701172
Oc1cncc(-c2ccnc(-c3cccc4c(-c5ccoc5)cc5ccccc5c34)c2)c1,c1c(*)cncc1O|o1ccc(*)c1,c1c2c(c(-c3nccc([*])c3)cc1)c1c(cccc1)cc2[*],27.6656551361084
O=C(CC1(CCc2cncc(O)c2)CCCCC1)NCCCc1ccoc1,c1c(*)cncc1O|o1ccc(*)c1,[*]CCC1(CC(=O)NCCC[*])CCCCC1,18.06123161315918
CN1Cc2cnc(NC3CC3c3cncc(O)c3)nc2C(c2ccoc2)C1,c1c(*)cncc1O|o1ccc(*)c1,n1c2c(cnc1NC1C([*])C1)CN(C)CC2[*],15.902451515197754
Nc1nc(-c2ccoc2)nc2c1cnn2CCN1CCC(c2cncc(O)c2)CC1,c1c(*)cncc1O|o1ccc(*)c1,n1(CCN2CCC([*])CC2)ncc2c(N)nc([*])nc12,12.25998306274414
Oc1cncc(N2CCC(CCN3CCN(c4ccoc4)CC3)CC2)c1,c1c(*)cncc1O|o1ccc(*)c1,C1N([*])CCC(CCN2CCN([*])CC2)C1,12.449262619018555
Cc1cc(-c2ccoc2)nn1C1CCN(c2cncc(O)c2)CC1,c1c(*)cncc1O|o1ccc(*)c1,C1N([*])CCC(n2c(C)cc([*])n2)C1,16.68359375
CC(C)c1nc(NCCc2ccoc2)c2cncc(-c3cncc(O)c3)c2n1,c1c(*)cncc1O|o1ccc(*)c1,c1ncc([*])c2nc(C(C)C)nc(NCC[*])c12,19.54661750793457
Nc1nc(NCC2CCN(c3cncc(O)c3)CC2)cn2nc(-c3ccoc3)nc12,c1c(*)cncc1O|o1ccc(*)c1,N(CC1CCN([*])CC1)c1nc(N)c2n(nc([*])n2)c1,16.250505447387695
Cn1c(-c2ccoc2)nc2cnc(N3CCCC(Cc4cncc(O)c4)C3)cc21,c1c(*)cncc1O|o1ccc(*)c1,[*]CC1CCCN(c2ncc3nc([*])n(C)c3c2)C1,18.563526153564453
Nc1c(Cc2ccc(-c3ccoc3)cc2)ccc2nc(-c3cncc(O)c3)cc(=O)n12,c1c(*)cncc1O|o1ccc(*)c1,c1(=O)cc([*])nc2n1c(N)c(Cc1ccc([*])cc1)cc2,19.327716827392578
O=C(C1CCCC(CCc2ccoc2)C1O)N1CCCC(c2cncc(O)c2)C1,c1c(*)cncc1O|o1ccc(*)c1,C1C([*])CN(C(C2C(O)C(CC[*])CCC2)=O)CC1,24.84617805480957
O=C1NCCC1Cc1ccc(O)c(C(Cc2cncc(O)c2)NC2CCCCC2CN2CCCC(Cc3ccoc3)C2)c1,c1c(*)cncc1O|o1ccc(*)c1,[*]CC(NC1CCCCC1CN1CC(C[*])CCC1)c1c(O)ccc(CC2C(=O)NCC2)c1,24.361591339111328
O=C(CC1C(=O)Nc2ccc(-c3ccoc3)cc21)NCCc1cncc(O)c1,c1c(*)cncc1O|o1ccc(*)c1,N1C(=O)C(CC(=O)NCC[*])c2cc([*])ccc21,16.942548751831055
COC(=O)C(Cc1cncc(O)c1)NC(=O)C1NCC2(CCc3ccc(-c4ccoc4)cc31)CCC(O)C2,c1c(*)cncc1O|o1ccc(*)c1,C12(CNC(C(NC(C[*])C(OC)=O)=O)c3c(ccc([*])c3)CC1)CC(O)CC2,30.862279891967773
O=C(Cn1ncn2nc(-c3ccoc3)cc2c1=O)NC1CCCN(c2cncc(O)c2)C1,c1c(*)cncc1O|o1ccc(*)c1,C1CN([*])CC(NC(=O)Cn2c(=O)c3n(nc([*])c3)cn2)C1,19.30756950378418
NCc1nc2cc(C3(O)CCN(c4cncc(O)c4)CC3)ccc2n1Cc1ccoc1,c1c(*)cncc1O|o1ccc(*)c1,c1c2c(cc(C3(O)CCN([*])CC3)c1)nc(CN)n2C[*],21.650531768798828
CC(c1cncc(O)c1)C1CCc2ncc(-c3ccc4cc(-c5ccoc5)ccc4c3O)cc2C1,c1c(*)cncc1O|o1ccc(*)c1,C(C)([*])C1CCc2c(cc(-c3c(O)c4c(cc3)cc([*])cc4)cn2)C1,35.70777893066406
Nc1nc(NCCc2cn(Cc3cncc(O)c3)cn2)c2ncn(C3C(NC(=O)Cc4ccoc4)CC4C(=O)NCC43)c2n1,c1c(*)cncc1O|o1ccc(*)c1,O=C(NC1C(n2cnc3c(NCCc4cn(C[*])cn4)nc(N)nc32)C2C(C1)C(=O)NC2)C[*],31.401731491088867
Oc1cncc(-c2csc(Nc3ncc(-c4ccoc4)n4nccc34)n2)c1,c1c(*)cncc1O|o1ccc(*)c1,n12c(ccn1)c(Nc1nc([*])cs1)ncc2[*],18.46683120727539
O=C(N1CC(c2cncc(O)c2)C1)C1(c2ccc(-c3ccoc3)cc2)CCC1,c1c(*)cncc1O|o1ccc(*)c1,C1CC(C(=O)N2CC([*])C2)(c2ccc([*])cc2)C1,19.428205490112305
Oc1cncc(N2CCC(CNCc3nc(-c4ccoc4)no3)CC2)c1,c1c(*)cncc1O|o1ccc(*)c1,C(C1CCN([*])CC1)NCc1nc([*])no1,12.744695663452148
O=c1cnc(-c2ccoc2)nn1CCCNCC1CCN(c2cncc(O)c2)CC1,c1c(*)cncc1O|o1ccc(*)c1,C(CNCC1CCN([*])CC1)Cn1nc([*])ncc1=O,17.623695373535156
CNC(Cc1ccoc1)c1nc(NC2CC2c2cncc(O)c2)c2nccnc2n1,c1c(*)cncc1O|o1ccc(*)c1,N(C)C(c1nc2c(c(NC3C([*])C3)n1)nccn2)C[*],30.711530685424805
CC(C)Nc1cc(-c2cncc(O)c2)nn2ncc(C(=O)NCCc3ccoc3)c12,c1c(*)cncc1O|o1ccc(*)c1,n12nc([*])cc(NC(C)C)c1c(C(=O)NCC[*])cn2,19.463342666625977
O=C(NC1CCC(c2cncc(O)c2)CC1)C1CCCN1CCc1ccoc1,c1c(*)cncc1O|o1ccc(*)c1,N(C1CCC([*])CC1)C(=O)C1N(CC[*])CCC1,17.363096237182617
Oc1cncc(C2CC2NCc2cccc(-c3ccoc3)n2)c1,c1c(*)cncc1O|o1ccc(*)c1,[*]C1C(NCc2cccc([*])n2)C1,15.672295570373535
Nc1nc(NCC2CCC(c3cncc(O)c3)CC2)c2nc(-c3ccoc3)ccc2n1,c1c(*)cncc1O|o1ccc(*)c1,Nc1nc(NCC2CCC([*])CC2)c2nc([*])ccc2n1,15.696036338806152
O=C1NCC(NCc2cccc(-c3cncc(O)c3)c2)C12CCN(CCc1ccoc1)CC2,c1c(*)cncc1O|o1ccc(*)c1,c1c([*])cccc1CNC1C2(CCN(CC[*])CC2)C(=O)NC1,20.680519104003906
Oc1cncc(C23CCC(CC2)C(NCc2cccc(-c4ccoc4)n2)CC3)c1,c1c(*)cncc1O|o1ccc(*)c1,n1c(CNC2C3CCC([*])(CC2)CC3)cccc1[*],20.70536994934082
CC(C)C(NCc1nc2ncc(-c3ccoc3)nc2n1Cc1ccccc1)c1nc(-c2cncc(O)c2)cn1C,c1c(*)cncc1O|o1ccc(*)c1,c1c(Cn2c(CNC(C(C)C)c3nc([*])cn3C)nc3c2nc([*])cn3)cccc1,30.01006317138672
O=C(CCc1ccoc1)N1CCCC(CCN2CCC(c3cncc(O)c3)CC2)C1,c1c(*)cncc1O|o1ccc(*)c1,[*]C1CCN(CCC2CN(C(CC[*])=O)CCC2)CC1,14.957405090332031
Nc1nc(CN2CCC(c3ccoc3)CC2[O-])cc(-c2cncc(O)c2)n1,c1c(*)cncc1O|o1ccc(*)c1,[*]c1cc(CN2C([O-])CC([*])CC2)nc(N)n1,27.659114837646484
Cn1nc(-c2ccoc2)c2cc(C(N)C(=O)N3CCN(c4cncc(O)c4)CC3)ccc21,c1c(*)cncc1O|o1ccc(*)c1,c1(C(C(=O)N2CCN([*])CC2)N)cc2c(cc1)n(C)nc2[*],24.92301368713379
CCN1c2cc(-c3ccoc3)ccc2C(=O)C1CNCc1ccc(-c2cncc(O)c2)cc1,c1c(*)cncc1O|o1ccc(*)c1,C(c1ccc([*])cc1)NCC1N(CC)c2cc([*])ccc2C1=O,27.748878479003906
